ID,Year_Birth,Education,Marital_Status,Income,Kidhome,Teenhome,Dt_Customer,Recency,MntWines,MntFruits,MntMeatProducts,MntFishProducts,MntSweetProducts,MntGoldProds,NumDealsPurchases,NumWebPurchases,NumCatalogPurchases,NumStorePurchases,NumWebVisitsMonth,AcceptedCmp3,AcceptedCmp4,AcceptedCmp5,AcceptedCmp1,AcceptedCmp2,Complain,Response,Age,Family_Size,Total_Children,Total_Spending,Total_Purchases,Total_Campaigns_Accepted,Customer_Tenure_Days,Cluster,PCA1,PCA2
1000,1962,PhD,Together,91182.32,1,0,2012-11-23,28,568,31,297,110,87,114,0,5,6,9,3,0,1,0,1,0,0,1,53,3,1,1207,20,3,734,0,3.237954587699041,-0.1301471731384588
1001,1971,2n Cycle,Together,32486.62,0,1,2012-08-02,62,34,0,44,0,6,25,2,0,0,0,6,0,0,0,0,0,1,0,44,3,1,109,2,0,847,2,-2.293032288427729,-1.3556656791235104
1002,1975,2n Cycle,Single,46007.23,0,0,2013-09-13,47,69,17,10,20,16,19,3,2,0,1,2,0,0,0,0,0,0,0,40,1,0,151,6,0,440,2,-1.1495939821325423,-1.0267837424964235
1003,1963,Master,Divorced,43183.38,0,0,2013-06-15,21,377,34,269,48,21,68,0,1,0,5,5,0,0,0,0,0,0,0,52,1,0,817,6,0,530,3,0.11436457646276564,-1.4061169169368195
1004,1972,Graduation,Widow,29305.8,0,1,2013-09-11,59,14,0,44,13,0,1,1,3,0,2,2,0,0,0,0,0,0,0,43,2,1,72,6,0,442,2,-1.41780261391711,-1.5227858118317448
1005,1946,Master,Divorced,57942.1,0,2,2014-07-05,46,414,21,164,51,13,25,1,0,3,5,4,0,0,0,0,0,0,0,69,3,2,688,9,0,145,3,0.47264066618257333,-1.5178936253183013
1006,1961,Master,Married,68134.52,0,1,2013-06-08,14,271,57,266,69,40,74,2,4,2,11,3,0,0,0,0,1,0,0,54,3,1,777,19,1,537,3,1.9381423491464336,-0.20222131483477016
1007,1965,PhD,Together,110777.35,1,0,2013-05-23,14,782,66,219,105,38,65,0,3,8,11,2,0,1,0,0,0,0,0,50,3,1,1275,22,1,553,0,4.5565916028073845,-0.5306651769707734
1008,1983,2n Cycle,Together,51279.32,0,0,2013-02-23,35,144,19,69,27,13,25,7,5,1,6,7,0,0,1,0,0,0,0,32,2,0,297,19,1,642,1,-0.8579842720560857,1.7280487667107565
1009,1993,Graduation,Married,53378.76,2,0,2014-03-11,19,197,28,37,28,4,37,4,7,1,3,8,0,0,0,0,0,0,0,22,4,2,331,15,0,261,1,-0.7744689787333515,1.779222813272963
1010,1974,Graduation,Widow,57557.87,0,0,2014-01-09,24,383,22,128,25,33,14,2,1,2,5,2,0,0,1,0,0,0,0,41,1,0,605,10,1,322,3,0.725496453521644,-1.237642206271421
1011,2000,Graduation,Together,24112.9,1,1,2014-10-07,51,0,1,47,9,1,0,1,2,1,3,5,0,0,0,0,0,0,0,15,4,2,58,7,0,51,2,-1.56051784355934,-1.2767941556056015
1012,1981,Master,Divorced,37248.42,0,0,2013-08-04,62,57,0,42,24,40,18,2,10,1,3,5,0,0,0,0,0,0,0,34,1,0,181,16,0,480,1,-1.1987577967846188,1.147842934466266
1013,1954,Master,Married,81763.63,1,0,2012-07-24,1,987,86,504,97,71,164,2,6,6,8,4,1,0,1,0,0,0,1,61,3,1,1909,22,3,856,0,3.697595968812698,1.0470905381436433
1014,1985,Graduation,Divorced,38703.21,1,1,2013-05-03,0,141,8,108,5,12,36,5,8,0,1,7,0,0,0,0,0,0,0,30,3,2,310,14,0,573,1,-1.1766758418175878,2.131545343483054
1015,1987,Graduation,Divorced,29487.22,1,1,2014-01-14,21,47,0,52,13,9,16,1,0,0,1,7,0,0,0,0,0,0,0,28,3,2,137,2,0,317,2,-1.6959210723298845,-1.252087227519881
1016,1964,Basic,Married,78921.92,0,1,2013-10-19,13,406,47,434,87,55,83,1,7,4,8,5,1,0,1,0,1,0,0,51,3,1,1112,20,3,404,0,2.3484755782171876,0.9043261125077621
1017,1996,Master,Together,26622.33,1,0,2012-09-03,75,80,20,67,0,19,22,6,10,2,2,8,0,0,0,0,0,0,0,19,3,1,208,20,0,815,1,-2.249322917602704,2.585803369278478
1018,1960,Graduation,Married,16830.4,0,0,2014-09-14,21,71,10,19,22,4,5,2,2,0,5,9,0,0,0,0,0,0,0,55,2,0,131,9,0,74,2,-1.7567596915529506,-0.2960678378734225
1019,1955,Master,Together,69570.67,0,1,2014-07-20,20,392,46,548,89,82,133,0,7,9,4,0,1,0,1,1,0,0,1,60,3,1,1290,20,4,130,0,3.302800546335188,-0.02583451555862288
1020,1960,PhD,Married,57113.85,0,2,2014-04-15,41,244,22,149,56,32,65,5,4,2,3,2,0,0,0,1,0,0,1,55,4,2,568,14,2,226,3,0.03148052436107859,0.26289330665133376
1021,1988,PhD,Widow,33893.52,1,0,2013-03-24,97,22,2,52,9,4,33,2,2,0,3,6,0,0,0,0,0,0,0,27,2,1,122,7,0,613,2,-2.3016316234105934,-1.064410072209814
1022,1993,Master,Single,47737.45,0,0,2014-01-19,64,119,6,44,13,25,46,1,6,1,7,4,0,0,1,0,0,0,0,22,1,0,253,15,1,312,3,-0.33055511879870003,-0.3020198280608709
1023,1970,Master,Together,43746.83,0,0,2014-01-26,29,352,17,112,44,56,55,1,1,3,9,3,1,0,1,0,0,0,1,45,2,0,636,14,3,305,3,1.0185385143674983,-1.495465155395435
1024,1955,Graduation,Single,27613.52,0,0,2014-06-22,66,28,0,1,19,4,36,1,0,1,2,2,0,0,0,0,0,0,0,60,1,0,88,4,0,158,2,-1.4434587801566368,-2.32751796471163
1025,1971,Graduation,Single,69849.41,0,0,2013-02-19,21,421,52,428,33,38,107,0,3,4,5,4,0,1,0,1,0,1,1,44,1,0,1079,12,3,646,3,1.7590687025056215,-0.6526350887528446
1026,1962,Basic,Divorced,48243.7,1,1,2012-07-25,42,354,35,125,7,27,32,3,5,1,7,6,0,0,1,0,0,0,0,53,3,2,580,16,1,855,3,-0.15720198038939223,0.4793228476738773
1027,1959,Master,Married,57265.73,0,1,2013-03-16,5,210,24,34,62,25,83,0,3,2,9,7,0,0,0,1,0,0,0,56,3,1,438,14,1,621,3,0.8696255524341572,-0.4115083338488851
1028,1952,Master,Single,66080.25,0,2,2013-08-27,6,344,44,207,47,17,64,2,4,2,10,4,0,0,0,0,0,0,0,63,3,2,723,18,0,457,3,1.6956523450685088,-0.005242814345502618
1029,1990,Graduation,Together,30466.23,1,0,2013-12-30,28,84,18,86,23,42,16,5,4,1,5,9,0,0,0,0,0,0,1,25,3,1,269,15,1,332,1,-1.4674076563893246,1.1470914403496495
1030,1958,PhD,Married,48218.2,0,0,2014-03-12,42,720,102,548,141,82,120,0,8,7,8,2,0,1,0,0,0,0,1,57,2,0,1713,23,2,260,0,2.9065783649605095,0.21600420250072647
1031,1981,2n Cycle,Married,44379.58,1,0,2014-07-26,15,114,0,30,0,38,42,9,11,3,5,11,0,0,0,0,0,0,0,34,3,1,224,28,0,124,1,-1.1308120458155062,4.610447621456319
1032,1975,PhD,Married,50699.87,1,1,2013-02-23,0,157,26,11,7,11,36,3,7,1,0,8,0,0,0,0,0,0,0,40,4,2,248,11,0,642,1,-0.9442966550797061,1.6323100055522648
1033,1991,Graduation,Together,35429.57,1,0,2012-06-04,57,167,11,9,24,13,33,5,7,1,5,6,0,0,0,0,0,0,0,24,3,1,257,18,0,906,1,-1.2987709300691488,1.3164711234408424
1034,1988,Graduation,Divorced,46895.11,2,1,2014-06-07,46,45,6,4,13,33,46,5,4,1,4,6,0,0,0,0,0,0,0,27,4,3,147,14,0,173,1,-1.2223253654172204,0.6776584294890596
1035,1978,2n Cycle,Widow,32837.16,1,1,2012-08-08,47,15,14,38,5,0,2,0,3,0,3,6,1,0,0,0,0,0,0,37,3,2,74,6,1,841,2,-1.5016586630453763,-1.0565397832150312
1036,1974,Master,Single,58328.02,1,2,2012-07-07,40,347,43,50,80,18,47,0,1,1,5,6,0,0,0,0,0,0,0,41,4,3,585,7,0,873,3,-0.02483349893586799,-1.244438521944672
1037,1981,Master,Single,48919.14,2,1,2012-12-13,52,92,21,169,30,0,10,7,7,3,3,6,0,0,1,1,0,0,0,34,4,3,322,20,2,714,1,-0.9738062887768717,2.0881372775612923
1038,1962,2n Cycle,Single,66874.01,1,1,2012-10-31,36,377,49,136,24,10,52,0,1,4,6,3,0,0,0,0,0,0,1,53,3,2,648,11,1,757,3,1.2820115075828729,-1.5414098903433084
1039,1981,PhD,Married,28548.56,2,1,2013-01-05,30,62,11,15,16,21,26,1,4,2,1,8,0,0,0,0,0,0,1,34,5,3,151,8,1,691,2,-1.5231183651054823,-0.03049212254246295
1040,1985,Graduation,Together,29733.74,0,0,2014-07-24,22,115,16,124,10,15,20,6,3,1,3,7,0,0,0,0,0,0,1,30,2,0,300,13,1,126,1,-1.4638249533506806,0.8890738439168167
1041,1970,Basic,Divorced,56328.56,0,1,2014-03-30,42,146,48,95,16,18,8,7,10,1,1,6,0,0,1,0,0,0,0,45,2,1,331,19,1,242,1,-1.180675048835784,2.9543367128024336
1042,1953,PhD,Married,38326.02,1,1,2014-07-22,0,315,10,122,95,20,39,4,2,0,10,4,0,0,0,0,0,0,0,62,4,2,601,16,0,128,3,0.544751485681438,-0.2721561889277155
1043,1981,2n Cycle,Together,40423.65,1,0,2012-05-26,51,68,14,0,14,42,32,4,5,1,2,10,1,0,0,0,0,0,0,34,3,1,170,12,1,915,1,-2.0705075349506408,1.2753944767790255
1044,1991,2n Cycle,Widow,40013.14,1,0,2013-01-15,64,112,13,95,38,14,0,3,6,0,4,5,0,0,0,0,0,0,0,24,2,1,272,13,0,681,1,-1.3054157704293659,0.34111815071706125
1045,1963,Basic,Divorced,57890.45,1,0,2012-08-13,30,315,20,259,45,6,17,5,4,2,8,1,0,0,0,0,0,0,0,52,2,1,662,19,0,836,3,1.0436181819386487,0.11691680443782516
1046,1985,Master,Widow,54949.51,0,1,2013-05-25,30,50,0,122,19,15,0,0,6,2,5,6,0,0,0,0,0,0,1,30,2,1,206,13,1,551,3,-0.03281439648621472,0.0654752539437904
1047,1964,PhD,Married,21320.25,0,0,2013-11-28,75,22,7,19,5,10,19,0,2,0,2,5,0,0,0,0,0,0,0,51,2,0,82,4,0,364,2,-2.12870479935089,-1.7185187098532273
1048,1959,Graduation,Widow,73770.39,1,0,2013-10-14,48,312,61,352,103,62,115,1,9,5,8,0,0,1,0,1,0,0,0,56,2,1,1005,23,2,409,0,2.539656737737505,0.39029054408352476
1049,1970,2n Cycle,Single,50876.95,0,2,2014-02-12,37,349,1,85,15,34,130,2,2,2,9,5,0,0,0,1,0,0,0,45,3,2,614,15,1,288,3,0.5494446249911774,-0.6733210501558824
1050,1987,Basic,Married,56478.42,1,1,2012-09-09,93,154,4,0,28,41,42,5,3,1,2,7,0,0,0,0,0,0,0,28,4,2,269,11,0,809,1,-1.9528811264582024,0.4281717454752483
1051,1999,Graduation,Married,51228.46,1,0,2013-01-21,27,11,20,79,16,19,62,5,5,2,0,9,0,1,0,0,0,0,0,16,3,1,207,12,1,675,1,-1.5212258216255639,1.6716674459809362
1052,1957,PhD,Together,56098.37,0,2,2014-09-21,48,73,55,210,66,33,111,2,3,3,9,5,0,0,0,0,1,0,0,58,4,2,548,17,1,67,3,0.6338734016923764,-0.41229366353067537
1053,1974,2n Cycle,Married,52976.3,1,1,2013-04-24,47,181,49,285,65,19,55,0,3,1,4,7,0,0,1,1,1,0,0,41,4,2,654,8,3,582,2,-0.36831672724978426,-0.613917687315191
1054,1986,2n Cycle,Single,60819.92,0,1,2013-07-16,55,108,18,128,18,5,5,4,6,0,2,8,0,0,0,0,0,0,0,29,2,1,282,12,0,499,1,-1.4739037628956848,1.3367701840913866
1055,1961,Graduation,Married,69140.91,0,1,2013-07-28,32,531,63,578,84,68,29,2,6,10,1,3,0,1,0,1,1,0,1,54,3,1,1353,19,4,487,0,2.3982491666318686,0.7408900254149412
1056,1958,PhD,Divorced,77138.34,1,0,2013-10-26,31,668,63,378,112,48,100,0,2,4,10,3,0,1,0,0,1,0,1,57,2,1,1369,16,3,397,0,2.7839991293205304,-1.0975108749833904
1057,1967,PhD,Divorced,58329.38,0,2,2012-11-16,16,253,27,169,24,35,30,5,3,0,7,0,0,0,0,0,0,0,0,48,3,2,538,15,0,741,3,0.7737046605562266,-0.29760008748672284
1058,1955,Graduation,Widow,61222.62,0,1,2013-11-16,59,250,8,248,52,37,54,4,4,0,4,4,1,0,0,1,0,0,1,60,2,1,649,12,3,376,3,-0.4380266887229111,0.1817288576275796
1059,1953,Master,Married,67702.72,0,2,2014-03-04,12,259,32,298,23,33,1,0,1,1,8,5,0,0,0,0,1,0,0,62,4,2,646,10,1,268,3,1.1129942906485433,-1.201383608990481
1060,1988,2n Cycle,Single,23677.27,2,1,2014-10-19,54,45,5,38,19,10,9,0,2,1,2,9,0,0,0,0,0,0,0,27,4,3,126,5,0,39,2,-2.114946020011014,-0.8887819120891111
1061,1966,Master,Widow,62168.36,0,1,2014-04-10,49,222,22,74,58,40,50,3,0,3,3,3,0,0,0,0,0,0,0,49,2,1,466,9,0,231,3,0.022202374537465253,-1.1459831270990797
1062,1956,Graduation,Married,86044.04,0,0,2014-03-02,5,723,78,667,109,18,54,2,4,4,10,4,1,0,0,1,0,0,0,59,2,0,1649,20,2,270,0,3.3468739624560904,0.3899300611801032
1063,1982,Graduation,Married,38175.19,1,0,2013-09-01,36,106,45,74,22,22,21,3,8,2,0,7,0,0,0,0,0,0,0,33,3,1,290,13,0,452,1,-1.3266295816949885,1.4661829401352644
1064,1966,Graduation,Widow,63141.23,1,0,2013-07-13,24,244,36,209,27,48,71,3,2,2,10,3,0,1,0,0,1,0,0,49,2,1,635,17,2,502,3,1.3046663728699635,-0.570934164313572
1065,1977,2n Cycle,Married,48033.79,0,0,2013-07-30,57,125,10,9,2,15,10,6,7,0,3,8,0,0,0,0,0,0,1,38,2,0,171,16,1,485,1,-1.8840675293523081,1.982739569717297
1066,1972,Graduation,Single,13625.6,0,1,2013-06-07,74,44,0,15,0,10,29,0,2,0,6,0,0,0,0,0,0,0,0,43,2,1,98,8,0,538,2,-1.0987621068845945,-2.6360041201248205
1067,1960,2n Cycle,Single,30284.59,0,1,2013-05-10,40,29,6,42,13,5,8,1,2,0,5,6,0,0,0,0,0,0,0,55,2,1,103,8,0,566,2,-1.2886005194652785,-1.0567206013755737
1068,1952,PhD,Together,40402.57,2,0,2014-07-22,63,37,0,46,9,0,33,1,3,0,0,4,0,0,0,0,0,0,0,63,4,2,125,4,0,128,2,-1.7065706540684442,-1.0977251131525934
1069,1988,Basic,Single,17068.38,0,0,2013-12-17,26,120,19,66,42,18,20,5,4,1,1,6,0,0,0,0,0,0,0,27,1,0,285,11,0,345,1,-1.8026485009371225,0.6283976581810753
1070,1982,Master,Single,20965.26,1,0,2012-05-31,65,28,11,47,7,12,3,0,2,0,5,9,0,0,0,0,0,0,0,33,2,1,108,7,0,910,2,-2.1283948528570864,-1.0538662711369486
1071,1984,Graduation,Married,89881.54,0,0,2013-02-04,41,429,76,152,58,27,102,2,6,2,11,2,1,1,1,0,0,0,0,31,2,0,844,21,3,661,0,2.2652665240995424,0.18545129945589953
1072,1989,PhD,Divorced,51234.45,0,1,2014-06-28,28,198,1,69,22,0,39,4,7,0,0,7,0,0,1,0,0,0,0,26,2,1,329,11,1,152,1,-1.3501689039499796,1.556801688623866
1073,1981,PhD,Married,30887.11,1,1,2014-02-03,58,133,12,16,36,14,28,6,6,0,4,6,0,0,0,1,0,0,0,34,4,2,239,16,1,297,1,-1.820219668813065,1.2546566719981809
1074,1970,Graduation,Divorced,53852.31,0,0,2013-08-05,54,295,21,160,37,3,35,1,2,3,8,3,0,0,0,0,0,0,0,45,1,0,551,14,0,479,3,0.7045478260155887,-1.300776867616098
1075,1977,Graduation,Single,42312.95,1,1,2013-09-22,76,221,46,82,16,7,21,3,9,2,4,3,1,0,0,0,0,0,0,38,3,2,393,18,1,431,1,-0.6329887764825525,0.8418854946123541
1076,1980,Master,Together,94197.36,0,0,2013-01-23,16,686,14,382,0,51,153,2,8,7,8,3,1,0,0,0,0,0,0,35,2,0,1286,25,1,673,0,3.492959089178231,1.3421774679428953
1077,1988,Graduation,Single,61132.9,0,0,2013-04-11,50,83,22,88,28,0,26,0,5,2,3,8,0,0,0,0,0,0,0,27,1,0,247,10,0,595,2,-0.6768162388271758,0.0941943980493677
1078,1983,Master,Together,39104.45,0,0,2013-11-22,27,60,37,103,22,0,27,3,8,0,0,6,0,0,0,0,0,0,0,32,2,0,249,11,0,370,1,-1.4236320097059183,1.28935515907982
1079,1998,Master,Married,51692.42,1,0,2013-08-20,58,102,0,85,21,1,28,6,4,2,4,9,0,0,0,0,0,0,1,17,3,1,237,16,1,464,1,-1.5119824107550122,1.4451011499837372
1080,1961,PhD,Divorced,69482.35,0,0,2014-05-07,16,539,75,559,82,66,83,3,8,6,6,6,1,0,0,1,0,0,0,54,1,0,1404,23,2,204,0,2.208393192199229,1.9147569273092724
1081,1979,Master,Divorced,60125.14,2,0,2013-06-29,13,116,4,130,21,24,30,4,11,0,2,7,0,0,0,0,0,0,0,36,3,2,325,17,0,516,1,-0.6163587043606027,2.7343228940102176
1082,1989,PhD,Single,41175.08,1,1,2013-05-25,56,0,7,20,34,6,59,5,3,0,3,4,1,0,0,0,0,0,0,26,3,2,126,11,1,551,2,-1.5474656008481407,-0.03468338304758686
1083,1963,Graduation,Single,32147.01,2,0,2014-01-13,52,53,13,11,0,5,3,2,3,1,3,6,0,0,0,0,0,0,0,52,3,2,85,9,0,318,2,-1.5713350514843676,-0.526040590430763
1084,1959,2n Cycle,Widow,36595.07,1,0,2013-11-17,82,55,0,45,18,5,12,0,2,0,2,2,0,0,0,0,0,0,0,56,2,1,135,4,0,375,2,-1.4634472996004293,-2.1157514335535175
1085,1952,Graduation,Married,54695.82,0,0,2014-01-01,41,183,62,210,0,46,63,3,2,2,6,4,0,0,0,0,0,0,0,63,2,0,564,13,0,330,3,0.20085255908866514,-0.5300918638483249
1086,1976,2n Cycle,Single,30155.63,0,1,2013-04-12,57,44,23,69,3,25,26,5,5,0,4,4,0,0,0,0,0,0,0,39,2,1,190,14,0,594,1,-1.5490870566092294,0.3953054572472091
1087,1995,PhD,Together,23082.22,0,1,2013-01-13,56,9,8,15,5,7,9,1,0,1,3,4,0,0,0,0,0,0,0,20,3,1,53,5,0,683,2,-1.5735729325634331,-2.0015527469425525
1088,1985,Graduation,Together,34318.2,0,1,2013-04-07,48,55,0,17,15,7,24,0,3,0,5,7,0,0,0,0,0,1,0,30,3,1,118,8,0,599,2,-1.3246380897998662,-0.9096124665446192
1089,1960,Master,Married,66757.6,0,1,2012-12-12,44,302,29,210,60,37,67,2,1,1,11,3,0,0,0,0,0,0,1,55,3,1,705,15,1,715,3,1.1907677507279857,-1.221865176352588
1090,1974,Basic,Single,39052.31,2,1,2014-11-09,78,40,8,86,17,17,0,0,3,0,3,7,0,0,1,0,0,0,0,41,4,3,168,6,1,18,2,-1.8360624229860174,-1.0101326558676946
1091,1948,Graduation,Single,28874.98,2,0,2014-10-15,99,31,14,31,3,0,27,1,1,2,3,5,0,0,0,0,0,0,0,67,3,2,106,7,0,43,2,-1.9286036704831933,-1.7396358111892776
1092,1962,Graduation,Married,79304.24,0,1,2012-10-29,59,654,40,452,4,108,125,2,6,5,8,2,0,1,0,0,1,0,0,53,3,1,1383,21,2,759,0,2.447992816178222,0.23807339817171466
1093,1974,Graduation,Divorced,28122.55,1,1,2014-04-13,22,20,0,28,0,15,17,2,1,2,4,4,0,0,0,0,0,0,0,41,3,2,80,9,0,228,2,-0.7484855229756269,-1.2123656984483686
1094,1991,Graduation,Together,40139.66,1,1,2014-11-02,69,62,33,77,35,10,12,4,9,0,3,9,0,0,0,0,0,0,0,24,4,2,229,16,0,25,1,-2.069993322789591,2.0186205631372256
1095,1985,Graduation,Together,42366.14,1,0,2014-05-24,38,87,24,62,9,19,1,5,8,1,0,9,0,0,0,0,0,0,0,30,3,1,202,14,0,187,1,-1.9457845335615918,2.290787400119885
1096,1958,Basic,Single,31500.75,0,0,2012-07-03,15,63,0,71,0,0,3,1,2,0,4,2,0,0,0,0,0,0,0,57,1,0,137,7,0,877,2,-0.48819825157994345,-1.5282276067806946
1097,1958,2n Cycle,Together,49404.43,1,2,2013-11-26,26,56,18,210,70,0,32,1,2,4,5,4,0,0,0,1,0,0,0,57,5,3,386,12,1,366,3,0.4927368565051506,-0.9634881588174956
1098,1968,2n Cycle,Married,108617.18,1,0,2012-12-12,33,589,81,526,50,43,166,0,5,3,11,2,0,1,1,0,0,0,0,47,3,1,1455,19,2,715,0,3.6536931970022373,-0.27002555443470916
1099,1971,Master,Divorced,45009.9,1,2,2012-09-24,44,410,27,85,88,26,74,3,3,3,7,5,0,0,0,0,0,0,0,44,4,3,710,16,0,794,3,0.2866821232717663,-0.15355279491449617
1100,1967,Master,Together,87039.36,1,0,2012-11-28,52,622,106,336,100,71,60,2,4,8,6,0,0,1,0,0,0,0,0,48,3,1,1295,20,1,729,0,3.07529327408057,-0.39505244960532304
1101,1978,Master,Married,40073.08,1,1,2014-10-02,42,118,41,90,23,22,15,4,6,1,6,5,0,0,0,0,0,0,1,37,4,2,309,17,1,56,1,-0.6365265914309743,0.7464609263432445
1102,1973,Basic,Divorced,32562.94,1,1,2013-04-18,14,5,12,1,6,16,13,2,1,1,6,5,0,0,0,0,0,0,1,42,3,2,53,10,1,588,3,-0.6226238065937023,-1.0362200213226953
1103,1977,2n Cycle,Single,52691.05,0,1,2013-01-21,45,119,19,80,23,14,41,2,6,2,1,7,1,0,0,0,0,0,0,38,2,1,296,11,1,675,1,-0.9900188888472875,0.7245613219090442
1104,1950,Master,Married,79359.43,1,2,2014-10-23,0,292,20,217,44,22,95,3,1,2,1,3,0,0,0,0,0,0,0,65,5,3,690,7,0,35,3,0.8682084880767689,-0.4283851539669871
1105,1962,Graduation,Divorced,65211.64,0,0,2014-01-21,14,218,39,138,0,14,37,4,4,2,7,2,0,0,1,0,0,0,0,53,1,0,446,17,1,310,3,1.0266888045671447,0.14024910665522725
1106,1984,Master,Widow,33959.94,0,0,2014-09-07,30,89,1,35,2,11,4,0,1,0,1,3,0,0,0,0,0,0,0,31,1,0,142,2,0,81,2,-1.0866204389506322,-1.9181518794204224
1107,1965,Master,Divorced,59234.22,0,1,2014-09-29,26,413,5,102,7,28,50,0,1,3,11,5,0,0,0,1,0,0,0,50,2,1,605,15,1,59,3,1.414170049101257,-1.331922706649843
1108,1978,Graduation,Married,111259.73,1,0,2013-02-14,9,613,67,381,113,39,85,0,8,9,11,2,0,0,0,0,1,1,1,37,3,1,1298,28,2,651,0,4.949642454611968,0.8522136612979775
1109,1982,Graduation,Married,39856.06,1,1,2014-11-16,35,30,7,124,29,10,33,6,9,0,5,8,0,0,0,0,0,0,0,33,4,2,233,20,0,11,1,-1.392222694067902,2.5545241899214783
1110,1988,Graduation,Divorced,28909.34,1,1,2013-07-17,13,187,12,86,0,20,43,7,2,0,3,7,0,0,0,0,0,0,0,27,3,2,348,12,0,498,1,-1.584476692479677,0.9122437578472232
1111,1958,PhD,Together,87629.54,0,1,2013-02-18,41,828,43,361,77,102,63,1,7,5,10,3,1,0,0,0,0,0,1,57,3,1,1474,23,2,647,0,3.1762754023917545,0.5555293601705118
1112,1965,Graduation,Married,42419.89,1,1,2013-11-12,26,138,27,187,28,17,68,2,2,3,7,3,0,0,1,0,0,0,0,50,4,2,465,14,1,380,3,0.560565274479293,-0.9633449688822496
1113,1955,Graduation,Divorced,67408.46,1,2,2012-07-27,34,295,43,194,36,48,0,0,3,2,5,4,0,0,0,1,0,0,0,60,4,3,616,10,1,853,3,0.7530567141570781,-0.8978718801470259
1114,1952,Basic,Together,24218.77,1,0,2013-07-04,52,2,5,10,10,14,5,1,0,0,2,7,0,0,0,0,0,0,0,63,3,1,46,3,0,511,2,-2.188477529360518,-1.5046725956427836
1115,1958,Graduation,Married,19576.04,1,1,2013-02-20,99,36,1,28,17,1,24,3,2,0,5,4,0,0,0,0,0,0,0,57,4,2,107,10,0,645,2,-2.2053021348883797,-1.278188759633329
1116,1974,PhD,Together,72774.91,0,0,2012-10-15,4,631,41,432,109,106,87,3,5,7,10,3,0,0,0,0,0,0,0,41,2,0,1406,25,0,773,0,3.424192600240641,0.7149715797915163
1117,1981,Graduation,Together,42645.46,0,0,2013-04-08,70,8,13,105,2,3,7,1,8,0,1,6,0,0,1,0,0,0,1,34,2,0,138,10,2,598,1,-1.7544377391742083,0.502750974237364
1118,1961,PhD,Married,52393.64,0,0,2014-09-19,44,188,37,227,42,26,65,1,3,0,6,6,1,0,0,0,0,0,0,54,2,0,585,10,1,69,3,-0.27198776284773635,-0.5726657419133522
1119,1974,PhD,Married,89963.62,0,1,2012-11-28,27,656,64,472,26,51,31,3,4,11,9,3,0,0,1,0,0,0,0,41,3,1,1300,27,1,729,0,3.872073214966997,0.5830850435623307
1120,1982,2n Cycle,Divorced,57512.12,2,1,2014-05-22,88,30,11,75,39,15,39,3,9,1,1,5,0,0,0,0,0,0,0,33,4,3,209,14,0,189,1,-1.4660841232297048,1.1904879640085502
1121,1975,Graduation,Married,54259.7,0,1,2014-10-18,44,321,17,40,62,46,64,3,5,2,10,4,0,0,0,0,0,0,0,40,3,1,550,20,0,40,3,0.7132132087100823,0.17675178328052635
1122,1975,Master,Together,66831.5,1,0,2013-07-08,16,801,50,627,47,51,155,2,6,7,9,5,0,1,0,1,1,0,0,40,3,1,1731,24,3,507,0,3.1731778363875787,0.9921955871338068
1123,1977,Basic,Married,24916.3,0,1,2013-06-22,24,10,0,34,18,7,16,0,1,0,1,2,0,0,0,0,0,0,0,38,3,1,85,2,0,523,2,-1.1138913088722389,-2.125904201903603
1124,1991,2n Cycle,Single,26035.66,2,0,2013-06-02,7,36,9,43,0,4,15,0,0,1,2,5,0,0,0,0,0,0,0,24,3,2,107,3,0,543,2,-0.9700406049272747,-1.7715838893660507
1125,1957,Master,Married,76471.38,1,1,2013-04-21,41,660,73,388,90,10,110,3,4,8,4,3,1,0,0,1,0,0,0,58,4,2,1331,19,2,585,0,2.3159103656567073,0.3714425175883684
1126,1961,2n Cycle,Married,52823.52,1,0,2014-06-21,53,520,36,244,0,30,24,2,4,0,11,6,0,0,0,0,0,0,0,54,3,1,854,17,0,159,3,0.4429407838252701,-0.11781514198989242
1127,1962,Basic,Married,24756.28,0,0,2014-09-09,34,56,6,19,0,0,25,2,1,0,1,3,0,0,0,0,0,0,1,53,2,0,106,4,1,79,2,-1.5280690930717826,-1.4905710434314963
1128,1956,Graduation,Married,29976.09,0,1,2013-03-17,8,0,7,61,0,15,0,0,1,0,0,3,0,0,0,0,0,0,0,59,3,1,83,1,0,620,2,-1.0514447839722065,-1.817294506956632
1129,1982,Basic,Single,44730.56,0,1,2012-12-27,45,215,0,16,5,35,15,5,8,0,4,8,0,0,0,0,0,0,0,33,2,1,286,17,0,700,1,-1.4452512271275488,2.030958704353074
1130,1961,Master,Married,89262.67,0,0,2014-10-27,32,585,86,569,38,72,102,1,5,9,8,2,0,1,1,0,0,0,1,54,2,0,1452,23,3,31,0,3.802936792092754,0.09366717658655674
1131,1972,Basic,Married,35702.52,2,0,2014-11-21,93,1,0,35,4,7,12,1,2,1,0,5,0,0,0,0,0,0,0,43,4,2,59,4,0,6,2,-2.2666329384014667,-1.388196458912434
1132,1977,2n Cycle,Divorced,22716.63,1,1,2012-12-06,13,68,10,29,0,10,11,0,1,1,1,6,0,0,0,0,0,0,0,38,3,2,128,3,0,721,2,-1.330350289366259,-1.3903318209359814
1133,1971,PhD,Married,87788.2,0,0,2013-09-18,26,701,82,599,83,72,49,1,6,4,3,3,0,0,0,0,0,0,0,44,2,0,1586,14,0,435,0,2.427844366286281,0.4678968797498371
1134,1986,2n Cycle,Together,37490.84,1,0,2014-07-19,55,127,4,54,11,24,37,7,6,0,1,6,0,0,0,0,0,0,1,29,3,1,257,14,1,131,1,-2.0826270706615966,1.6344718769500872
1135,1967,Master,Single,56369.6,0,1,2014-08-08,61,381,32,159,41,32,79,3,3,2,6,6,0,0,0,0,0,0,0,48,2,1,724,14,0,111,3,-0.11964129279904423,-0.01902536478426157
1136,1987,2n Cycle,Divorced,36424.09,1,0,2014-11-15,81,52,0,38,14,3,0,2,1,0,2,3,0,0,0,0,0,0,0,28,2,1,107,5,0,12,2,-1.8014982687569185,-1.6875214301772834
1137,1963,Graduation,Together,84023.73,0,0,2014-01-17,40,551,36,459,132,54,78,3,6,9,7,5,0,0,0,0,0,0,0,52,2,0,1310,25,0,314,0,2.7906938377928565,1.2720267482287992
1138,1935,Master,Together,43373.48,0,2,2013-07-06,31,258,61,199,20,43,66,0,2,4,9,2,0,0,0,0,0,0,1,80,4,2,647,15,1,509,3,1.3988393368697598,-1.6384135121422967
1139,1970,Graduation,Divorced,13937.7,0,1,2013-04-08,43,71,6,73,7,1,13,2,3,0,0,5,0,0,0,0,0,0,0,45,2,1,171,5,0,598,2,-2.1466039697856374,-0.7534081574306981
1140,1957,Graduation,Married,60703.37,0,2,2013-11-03,71,180,15,203,11,30,30,1,3,1,6,5,0,0,1,1,0,0,0,58,4,2,469,11,2,389,3,-0.28365852724311924,-0.8139707907516182
1141,1968,PhD,Divorced,73274.4,0,1,2014-11-17,11,720,75,391,78,98,81,0,0,7,8,3,0,0,0,0,0,0,1,47,2,1,1443,15,1,10,0,3.243288948228159,-1.3929745587762146
1142,1968,PhD,Married,71169.64,0,0,2012-06-14,9,641,65,397,83,53,133,2,9,10,8,1,1,0,0,0,0,0,0,47,2,0,1372,29,1,896,0,3.984375427705346,1.2582523777390235
1143,1991,Master,Divorced,32207.57,1,0,2014-07-06,14,50,25,0,34,13,12,7,3,2,3,7,0,0,1,0,0,0,0,24,2,1,134,15,1,144,1,-1.3819257805719327,1.2238115600009047
1144,1974,Graduation,Divorced,25573.75,1,1,2014-09-02,46,58,7,60,12,11,19,0,1,0,1,4,0,0,0,0,0,0,0,41,3,2,167,2,0,86,2,-1.5835603837920222,-1.9108296678337862
1145,1959,Master,Married,85937.34,0,0,2012-10-20,2,532,67,433,139,61,85,3,2,4,5,5,0,0,0,1,0,0,1,56,2,0,1317,14,2,768,0,2.175013274309367,0.32007986811541245
1146,1964,PhD,Married,86854.62,0,0,2014-10-24,45,502,70,252,125,77,148,2,5,3,9,5,0,0,0,0,0,0,1,51,2,0,1174,19,1,34,0,1.963272896421416,0.48268070645786637
1147,1998,Graduation,Single,51435.76,2,0,2013-12-07,28,114,31,143,46,21,29,3,8,0,1,9,0,0,0,0,0,0,0,17,3,2,384,12,0,355,1,-1.3245101368767724,1.8752987962095415
1148,1969,PhD,Single,81611.82,1,0,2013-10-10,34,654,69,453,94,87,137,0,3,9,11,3,0,0,0,0,0,0,1,46,2,1,1494,23,1,413,0,3.9326254384655392,-0.6408109252086478
1149,1963,Master,Single,68123.61,0,0,2014-03-18,9,560,5,313,104,68,143,3,5,10,5,1,1,0,0,0,0,0,1,52,1,0,1193,23,2,254,0,3.1901878369778607,0.46014956988014544
1150,1966,Graduation,Married,65855.39,0,0,2014-04-27,23,596,49,618,77,16,128,0,6,6,11,4,0,1,0,0,0,0,0,49,2,0,1484,23,1,214,0,3.1982945102637736,0.1461408540139029
1151,1970,Master,Married,55156.54,1,1,2014-01-18,41,236,54,189,65,31,93,0,1,1,10,7,0,0,0,0,0,0,0,45,4,2,668,12,0,313,3,0.4688583040112706,-1.169679331792628
1152,1975,PhD,Married,64221.86,0,2,2014-03-21,26,344,15,136,62,4,74,2,3,3,4,5,0,0,0,0,0,0,0,40,4,2,635,12,0,251,3,0.5598521087357929,-0.13359395185665393
1153,1994,Graduation,Single,36593.8,2,1,2013-12-16,18,75,9,50,4,17,39,8,5,2,0,8,0,0,0,0,0,0,1,21,4,3,194,15,1,346,1,-1.8249871463217289,2.2395907358472176
1154,1966,Master,Together,74499.86,1,0,2014-02-23,0,708,31,405,133,54,139,1,4,7,11,3,0,1,1,0,0,0,1,49,3,1,1470,23,3,277,0,3.838661624548161,-0.042779028756221624
1155,1977,Master,Single,49787.54,0,1,2013-03-21,36,31,4,83,6,31,18,12,6,0,0,9,0,0,1,0,0,0,0,38,2,1,173,18,1,616,1,-2.583192316281741,3.649538313325382
1156,1974,2n Cycle,Married,54399.08,1,0,2013-01-20,24,276,49,204,66,11,41,4,1,1,7,5,0,0,0,0,0,0,0,41,3,1,647,13,0,676,3,0.22644035486160308,-0.3023152917616909
1157,1980,2n Cycle,Single,37156.23,1,0,2013-12-26,45,31,10,77,14,12,10,1,0,0,0,6,0,0,0,1,0,0,0,35,2,1,154,1,1,336,2,-1.8410036684439213,-1.4765940086834777
1158,1970,Graduation,Single,17289.01,1,1,2013-04-30,45,51,0,5,14,0,16,1,3,0,5,7,0,0,0,0,0,0,0,45,3,2,86,9,0,576,2,-1.7458206360297324,-0.7663913726055245
1159,1988,Graduation,Married,33648.79,0,0,2012-11-04,46,101,2,23,34,23,32,3,5,0,0,6,0,0,0,0,0,1,0,27,2,0,215,8,0,753,1,-1.9031488365805882,0.34249862945645837
1160,1964,PhD,Married,95624.54,0,1,2013-05-18,13,809,60,599,112,39,32,3,8,6,8,2,0,0,0,1,1,0,0,51,3,1,1651,25,2,558,0,3.801810208603504,1.5053006450939412
1161,1981,2n Cycle,Single,29842.03,0,0,2014-07-08,50,92,9,26,14,0,20,1,2,1,0,4,0,0,0,0,0,0,0,34,1,0,161,4,0,142,2,-1.571925438189325,-1.3267602331063135
1162,1987,Master,Single,29121.23,1,1,2014-06-08,38,42,7,30,5,14,37,2,0,1,0,6,0,0,0,1,1,0,0,28,3,2,135,3,2,172,2,-1.8456138377256153,-1.2036098832478155
1163,1983,PhD,Married,47759.0,1,0,2014-02-03,11,133,4,60,5,37,24,9,5,0,5,6,0,0,0,0,0,0,0,32,3,1,263,19,0,297,1,-0.9587221523337224,2.1825070256938512
1164,1971,Graduation,Divorced,32730.1,0,1,2014-09-06,53,29,4,0,0,0,0,2,2,1,2,1,0,0,0,0,0,0,0,44,2,1,33,7,0,82,2,-1.114060375169746,-1.593771078814176
1165,1979,2n Cycle,Divorced,39464.86,0,0,2013-11-26,54,0,8,56,13,8,4,3,3,0,4,6,0,0,0,0,0,0,0,36,1,0,89,10,0,366,2,-1.5668250258749963,-0.26303587921389865
1166,1962,2n Cycle,Married,74106.97,0,2,2014-09-22,38,334,26,246,55,9,27,2,3,5,10,4,0,0,0,0,0,0,0,53,4,2,697,20,0,66,3,1.8705311787180066,-0.29498120958232577
1167,1970,Basic,Together,36166.3,1,0,2014-09-10,34,104,4,26,9,3,16,1,4,1,3,6,0,0,0,0,0,0,0,45,3,1,162,9,0,78,2,-1.0624866951890681,-0.37808037312416104
1168,1961,PhD,Single,88769.63,1,0,2012-10-08,4,220,52,583,48,54,155,2,7,6,9,1,1,0,0,0,1,0,1,54,2,1,1112,24,3,780,0,3.5737696681342066,0.7045867733967244
1169,1984,Graduation,Married,24094.45,1,0,2014-06-20,35,209,12,118,18,23,15,5,7,1,4,8,0,0,0,0,0,0,0,31,3,1,395,17,0,160,1,-1.4871483711136713,1.7186531736506376
1170,1993,2n Cycle,Single,34356.28,0,0,2013-07-16,18,88,16,114,31,6,24,7,5,0,3,8,0,0,0,0,0,0,0,22,1,0,279,15,0,499,1,-1.662907641063787,1.8623991586564121
1171,1947,PhD,Together,88651.89,1,0,2013-09-25,31,632,65,297,124,85,125,0,8,6,9,6,0,0,0,0,0,0,1,68,3,1,1328,23,1,428,0,2.9435111404055436,1.1268486939883622
1172,1990,Graduation,Widow,32565.1,1,0,2014-06-27,61,0,4,20,10,10,11,0,0,0,3,5,0,0,0,0,0,0,0,25,2,1,55,3,0,153,2,-1.6605186998363721,-2.092786297348571
1173,1959,2n Cycle,Married,99181.09,0,0,2012-12-16,21,669,90,448,97,64,33,0,4,5,9,4,0,1,1,1,0,0,1,56,2,0,1401,18,4,711,0,3.362434739981,-0.12637507527543584
1174,1965,Master,Married,49071.69,0,1,2013-06-03,16,481,33,183,64,26,48,4,0,3,10,4,1,0,0,0,0,0,0,50,3,1,835,17,1,542,3,1.2192500084710454,-0.6631866856554185
1175,1975,2n Cycle,Divorced,75184.51,0,0,2012-10-09,49,899,45,403,0,92,60,3,8,3,6,4,0,0,0,1,0,0,0,40,1,0,1499,20,1,779,0,1.7373481698578574,1.359071803271595
1176,1985,2n Cycle,Married,61148.84,0,0,2014-10-22,53,148,17,182,4,5,0,4,9,1,5,4,0,0,0,1,0,0,1,30,2,0,356,19,2,36,1,-0.22444545636012855,1.495303819294288
1177,1977,Graduation,Together,43842.54,2,1,2014-09-20,31,32,7,54,13,13,38,2,9,0,1,4,0,0,0,1,0,0,0,38,5,3,157,12,1,68,1,-0.9741282026891046,0.9465249617022133
1178,1979,Graduation,Divorced,93902.87,0,0,2013-04-23,31,941,89,332,76,85,69,0,2,10,9,3,1,0,0,1,1,0,1,36,1,0,1592,21,4,583,0,4.210586976620133,-0.7098002752485343
1179,1959,Master,Married,39920.73,1,0,2012-11-14,49,342,37,117,3,18,78,0,4,0,4,4,0,0,0,0,0,0,0,56,3,1,595,8,0,743,2,-0.4642848202249597,-0.9949938470607517
1180,1966,PhD,Together,61454.56,0,1,2014-07-10,32,252,11,108,23,30,63,1,4,2,9,2,0,0,0,0,0,0,0,49,3,1,487,16,0,140,3,1.2396966077743095,-0.8093554380394804
1181,1991,Graduation,Married,57101.76,0,0,2013-08-01,56,30,13,122,16,9,51,2,3,0,4,8,0,0,0,0,0,0,0,24,2,0,241,9,0,483,2,-1.2670923040466693,-0.05060452713309408
1182,1953,Graduation,Divorced,53670.04,1,0,2014-05-20,23,156,29,238,7,30,47,1,4,2,7,7,1,0,0,0,0,0,0,62,2,1,507,14,1,191,3,0.3126147249260609,0.02329975631511002
1183,1976,Master,Single,80597.97,0,1,2014-01-29,23,527,57,342,90,63,96,2,9,7,8,4,0,0,0,0,0,0,0,39,2,1,1175,26,0,302,0,2.9050508824256775,1.5992975204380815
1184,1986,Graduation,Together,74771.47,0,0,2013-01-28,25,581,57,476,157,100,111,0,3,4,5,3,0,1,0,1,0,0,0,29,2,0,1482,12,2,668,0,2.328332068425169,-0.7271522895988608
1185,1971,2n Cycle,Divorced,42352.45,1,1,2013-04-11,72,100,23,75,15,21,36,3,8,0,3,2,0,0,1,0,0,0,0,44,3,2,270,14,1,595,1,-1.0459454798447065,0.36608836619907875
1186,1990,Basic,Together,42980.95,1,1,2013-03-10,53,217,4,74,4,14,18,7,7,0,4,6,1,0,0,1,0,0,0,25,4,2,331,18,2,627,1,-1.471359541004718,1.922006346333308
1187,1975,Graduation,Widow,86399.34,0,1,2012-06-22,3,707,80,570,49,86,56,2,4,10,4,4,0,0,0,0,1,0,1,40,2,1,1548,20,2,888,0,3.526294010702481,0.6741938916325697
1188,1975,Graduation,Widow,36366.72,0,0,2014-03-01,65,2,2,60,0,8,14,2,3,2,0,4,0,0,0,0,0,0,0,40,1,0,86,7,0,271,2,-1.6055882291904529,-0.8157975579288596
1189,1982,PhD,Married,37511.16,0,0,2014-04-28,59,61,0,32,20,0,29,1,2,0,2,2,0,1,0,0,0,0,0,33,2,0,142,5,1,213,2,-1.2072402122580392,-1.7084809195720585
1190,1957,Graduation,Divorced,94323.12,0,1,2014-10-08,11,715,59,404,88,57,149,0,4,7,7,4,0,0,0,0,1,0,1,58,2,1,1472,18,2,50,0,3.548466021807368,0.0026159213212560914
1191,2000,Graduation,Together,48880.25,0,1,2014-04-11,29,175,7,116,27,17,29,6,6,1,1,6,1,1,1,0,1,0,0,15,3,1,371,14,4,230,1,-1.1384473484321977,1.6646981269716907
1192,1987,Graduation,Divorced,40623.3,1,1,2014-08-21,26,98,0,0,9,17,43,4,6,2,5,7,0,0,0,0,0,0,0,28,3,2,167,17,0,98,1,-0.7689750972790034,1.190269711370898
1193,1975,Graduation,Single,34112.58,1,0,2013-02-02,99,86,1,107,0,16,0,7,8,0,2,8,0,0,0,0,0,0,0,40,2,1,210,17,0,663,1,-2.88309600014527,2.177143575797696
1194,2000,PhD,Married,52642.47,1,1,2012-09-01,57,126,0,3,30,8,26,6,2,0,4,6,0,0,0,1,0,0,0,15,4,2,193,12,1,817,1,-1.5073669241874383,0.37280193112817894
1195,1969,2n Cycle,Divorced,50671.86,0,0,2013-07-03,43,321,32,120,41,40,56,2,3,3,9,7,0,1,0,1,0,0,0,46,1,0,610,17,2,512,3,0.386797129822127,-0.09089643663655127
1196,1980,2n Cycle,Together,32793.4,0,0,2013-06-24,74,45,0,75,7,1,15,2,0,0,4,4,0,0,1,0,0,0,0,35,2,0,143,6,1,521,2,-1.6539236742067722,-1.7977702452901034
1197,1987,Master,Single,45139.73,0,0,2014-09-05,79,115,10,155,21,24,19,6,9,0,4,6,0,0,0,0,0,0,0,28,1,0,344,19,0,83,1,-1.6347917399929377,2.0497075134823173
1198,1957,PhD,Married,61249.19,1,2,2013-12-18,54,260,24,196,25,19,50,2,0,1,9,0,0,0,0,0,0,0,0,58,5,3,574,12,0,344,3,0.9357152155668235,-2.0660479851195044
1199,1970,Graduation,Together,49206.33,0,1,2013-10-02,25,415,32,106,93,14,23,0,5,2,8,6,0,0,0,0,0,0,0,45,3,1,683,15,0,421,3,0.7285543915206559,-0.17011155667819888
1200,1951,Graduation,Married,58035.16,0,2,2013-01-17,25,283,16,195,39,31,74,2,2,1,7,2,1,0,1,0,0,0,0,64,4,2,638,12,2,679,3,0.8635052705918299,-1.033648640768361
1201,1970,PhD,Together,122874.62,0,1,2014-08-28,29,778,43,462,87,86,138,1,7,5,4,5,1,1,1,1,0,0,1,45,3,1,1594,17,5,91,0,3.1659016272576013,1.331840795607747
1202,1962,PhD,Married,54467.23,1,1,2014-07-07,28,424,33,237,52,33,45,3,2,1,6,4,0,0,0,0,0,0,0,53,4,2,824,12,0,143,3,0.4596034026773393,-0.44326086346371846
1203,1990,Graduation,Divorced,19182.66,1,0,2014-07-23,69,29,5,28,8,9,13,0,1,0,5,3,0,0,0,0,0,0,0,25,2,1,92,6,0,127,2,-1.468792952374242,-2.327210459961653
1204,1951,PhD,Married,50693.8,1,0,2013-03-07,38,461,32,193,35,28,48,2,1,2,12,3,0,0,0,0,0,0,0,64,3,1,797,17,0,630,3,1.3220946242167446,-1.2766025087326884
1205,1994,2n Cycle,Together,44438.17,2,1,2014-09-21,65,148,21,0,7,0,9,6,5,0,5,7,0,0,0,0,0,0,0,21,5,3,185,16,0,67,1,-1.7225381117606204,1.1953157181790757
1206,1951,Master,Married,63370.77,1,1,2014-11-14,34,253,22,116,51,21,39,1,4,0,7,5,0,0,0,0,0,0,0,64,4,2,502,12,0,13,3,0.29063380901571706,-0.3569243566381468
1207,1969,Master,Divorced,52623.08,0,0,2013-11-30,15,368,19,269,58,31,78,3,2,1,4,5,1,0,0,0,0,0,1,46,1,0,823,10,2,362,3,0.21597400153655635,-0.19174058391777876
1208,1969,PhD,Married,59001.18,1,0,2013-02-14,46,276,38,256,7,30,59,2,2,4,7,4,0,0,0,1,0,0,0,46,3,1,666,15,1,651,3,0.8570826670922785,-0.7187887075312739
1209,1970,PhD,Together,71807.07,0,0,2013-02-04,45,723,114,768,118,46,111,1,7,11,7,1,0,0,0,1,0,0,0,45,2,0,1880,26,1,661,0,4.072197529760326,0.40258994999118203
1210,1973,Basic,Single,25676.99,0,0,2013-10-21,42,34,12,0,19,8,11,3,2,0,0,5,0,0,0,0,0,0,0,42,1,0,84,5,0,402,2,-2.0839894849918643,-0.6690279872428445
1211,1963,Basic,Married,27858.22,1,0,2013-03-01,43,55,0,17,3,9,16,3,2,0,2,4,0,0,0,0,0,0,0,52,3,1,100,7,0,636,2,-1.655916764461778,-0.8452263847847886
1212,1986,Master,Married,44333.14,0,0,2013-09-14,18,141,22,118,28,21,6,4,5,3,1,4,0,0,0,0,0,0,0,29,2,0,336,13,0,439,1,-0.38392695189488824,0.6391161152513269
1213,1976,Master,Married,30000.0,1,1,2013-09-14,28,176,25,132,32,44,51,3,4,6,6,6,0,0,0,0,0,0,0,39,4,2,460,19,0,439,3,0.21842016236797895,0.31727772493453815
1214,1984,Master,Divorced,79330.08,0,0,2013-12-14,29,975,44,581,74,111,61,1,7,7,9,3,1,0,0,0,0,0,1,31,1,0,1846,24,2,348,0,3.735513461020996,0.7088667118103896
1215,1964,Graduation,Together,34103.28,1,0,2013-04-25,80,19,4,56,18,17,12,0,4,1,3,8,0,0,0,0,0,0,0,51,3,1,126,8,0,581,2,-1.9465670463521343,-0.6100869553417575
1216,1980,Graduation,Divorced,24665.57,2,0,2014-04-29,79,0,1,40,7,2,21,1,2,1,2,7,0,0,0,0,0,0,0,35,3,2,71,6,0,212,2,-2.305481154384574,-1.0956368751718728
1217,1960,Master,Married,46773.39,1,1,2013-01-23,54,258,48,45,25,52,65,0,4,2,8,3,0,0,0,0,0,0,0,55,4,2,493,14,0,673,3,0.47078317631769995,-1.140119065836599
1218,1961,Master,Married,63463.48,1,2,2013-01-16,26,501,47,149,38,22,38,3,2,1,5,7,0,0,1,0,0,0,0,54,5,3,795,11,1,680,3,0.12258050914587144,0.13324358872442135
1219,1975,PhD,Single,73276.32,0,0,2012-11-01,21,702,68,300,28,54,117,1,6,9,11,4,1,1,0,0,1,0,0,40,1,0,1269,27,3,756,0,3.5830823445226176,0.5432834529138518
1220,1983,Graduation,Married,33492.29,1,1,2014-05-23,55,86,13,91,7,21,40,3,6,0,6,8,0,1,0,0,0,0,1,32,4,2,258,15,2,188,1,-1.4767157892827427,0.7969899587276889
1221,1994,2n Cycle,Divorced,61909.96,1,1,2013-11-22,52,69,8,141,31,8,28,7,8,0,3,8,0,0,0,0,0,0,0,21,3,2,285,18,0,370,1,-1.477333207406671,2.6679703379728092
1222,1964,Graduation,Divorced,65027.99,1,0,2014-08-10,4,561,65,107,21,35,83,0,4,4,11,7,0,0,1,0,0,0,0,51,2,1,872,19,1,109,3,2.0686727011092403,0.03409439878326166
1223,1950,Master,Divorced,89130.06,0,0,2014-03-03,18,782,49,445,77,11,143,3,3,6,7,2,0,1,0,1,0,0,0,65,1,0,1507,19,2,269,0,3.2086550635908417,0.1017155860392128
1224,1967,Basic,Single,25643.29,0,0,2014-01-03,37,31,7,40,0,1,20,3,3,0,0,6,0,0,0,0,0,0,0,48,1,0,99,6,0,328,2,-2.108604144379126,-0.2132258288759833
1225,1983,Master,Married,49349.35,1,1,2014-02-27,20,41,2,95,36,39,19,6,6,0,1,7,0,0,0,0,0,0,0,32,4,2,232,13,0,273,1,-1.4385196669267923,1.8240636296618444
1226,1992,Graduation,Divorced,37434.2,1,0,2013-06-28,30,206,10,112,5,18,19,6,7,2,2,4,0,0,1,0,0,0,0,23,2,1,370,17,1,517,1,-0.8083055669612257,1.5274405235911166
1227,1973,Master,Married,100269.68,0,0,2014-07-30,22,311,50,419,10,60,131,0,6,6,10,1,1,0,0,0,0,0,0,42,2,0,981,22,1,120,0,3.7007693460449413,-0.1399071824517831
1228,1963,Graduation,Together,59318.73,0,2,2013-06-15,12,158,20,150,56,0,64,4,2,4,6,4,0,0,0,0,0,0,1,52,4,2,448,16,1,530,3,0.8257558044277908,-0.013359416339987738
1229,1985,Basic,Single,38495.58,1,0,2013-01-09,71,23,16,41,6,7,11,1,1,1,1,7,0,0,0,0,0,0,0,30,2,1,104,4,0,687,2,-2.031563451382105,-1.1830292921546877
1230,1955,PhD,Married,62706.57,0,1,2014-05-10,30,395,29,252,79,14,68,3,3,0,8,1,0,0,0,0,0,0,0,60,3,1,837,14,0,201,3,1.1195493765532116,-0.6733403433850569
1231,1982,Master,Divorced,42151.31,2,1,2013-02-24,64,45,10,109,0,43,23,3,8,1,2,10,0,0,0,0,0,0,0,33,4,3,230,14,0,641,1,-1.9950935449335787,1.7463837812484226
1232,1979,Graduation,Single,33278.21,0,0,2014-07-31,78,4,0,42,17,2,33,1,3,0,2,4,0,0,0,0,0,0,0,36,1,0,98,6,0,119,2,-1.833057146752565,-1.274294205461731
1233,1981,Graduation,Married,81756.46,0,1,2014-03-30,0,518,57,289,106,87,133,0,3,5,8,1,0,0,0,1,1,0,0,34,3,1,1190,16,2,242,0,3.3312986973040006,-0.9115163193878995
1234,1983,Graduation,Married,15459.0,1,0,2014-01-30,39,0,12,44,20,0,35,1,3,0,2,3,0,0,0,0,0,0,0,32,3,1,111,6,0,301,2,-1.5241614698281711,-1.3456800406199778
1235,1972,Master,Together,38516.55,1,0,2013-05-04,60,281,21,265,7,17,46,1,0,4,5,5,0,0,0,0,0,0,1,43,3,1,637,10,1,572,2,-0.1319304441494073,-1.5651410019452574
1236,1979,Graduation,Single,30837.22,0,1,2014-04-14,41,82,30,39,23,18,18,6,11,2,2,5,0,0,0,0,0,0,0,36,2,1,210,21,0,227,1,-1.277855935757121,2.59450052787663
1237,1968,Master,Together,56954.31,1,1,2014-05-03,17,271,29,58,70,8,46,0,2,1,5,6,0,0,0,0,0,0,0,47,4,2,482,8,0,208,3,0.18506838173702744,-0.8770286853186916
1238,1967,PhD,Married,54122.55,0,1,2014-09-19,22,243,40,290,36,42,41,2,3,1,8,3,0,0,0,0,0,0,1,48,3,1,692,14,1,69,3,0.8947610682603465,-0.627132282294753
1239,1989,Graduation,Single,48020.09,2,1,2014-10-09,9,51,23,62,12,28,30,5,9,2,2,6,0,0,0,0,0,0,0,26,4,3,206,18,0,49,1,-0.5960558118302666,2.2871712375283355
1240,1982,Graduation,Divorced,24606.13,1,0,2014-05-14,18,11,0,29,16,5,18,1,2,1,6,2,0,0,0,0,0,0,0,33,2,1,79,10,0,197,3,-0.3118121628949134,-1.6048117285851535
1241,1986,Graduation,Single,42896.77,1,0,2014-01-31,44,122,7,128,1,33,14,6,6,2,1,9,0,0,0,0,0,0,0,29,2,1,305,15,0,300,1,-1.7593907850865464,2.0376984978859194
1242,1975,Master,Single,15825.42,0,0,2012-12-21,50,20,0,25,25,0,9,0,2,1,3,5,0,0,1,0,0,0,0,40,1,0,79,6,1,706,2,-1.6147335910792042,-1.5967270150659767
1243,1977,2n Cycle,Together,28399.65,0,1,2012-07-29,70,10,0,17,3,0,15,0,0,1,2,5,0,0,0,0,0,0,0,38,3,1,45,3,0,851,2,-1.8373755251462247,-2.131685214114766
1244,1962,Graduation,Widow,88578.64,1,0,2013-10-03,46,648,77,431,100,67,20,1,7,7,8,3,0,0,0,0,0,0,0,53,2,1,1343,23,0,420,0,3.081770794803825,0.6063125913246045
1245,1959,Graduation,Married,54908.68,1,1,2014-04-28,40,239,18,226,14,41,63,2,4,1,8,5,0,0,0,0,0,0,0,56,4,2,601,15,0,213,3,0.33985970250977426,-0.1562520369014514
1246,1976,Graduation,Together,34509.24,2,1,2013-06-13,52,0,0,126,48,0,13,1,5,3,3,4,0,0,0,0,0,0,0,39,5,3,187,12,0,532,2,-0.696849670072688,-0.4852837533569563
1247,1943,Graduation,Together,53872.76,0,0,2014-07-23,60,279,21,195,0,3,61,3,3,2,8,1,0,0,0,0,1,0,0,72,2,0,559,16,1,127,3,0.5918736808269862,-0.8997306883713092
1248,1954,PhD,Divorced,50978.42,1,1,2013-03-31,62,244,68,198,51,11,28,1,2,3,8,4,0,1,0,0,0,0,0,61,3,2,600,14,1,606,3,0.4525547224843277,-1.1993652785084274
1249,1980,Graduation,Together,40311.87,0,0,2013-07-16,62,174,30,29,21,0,18,6,2,0,3,7,0,1,0,0,0,0,0,35,2,0,272,11,1,499,1,-2.0081620080060705,0.4373402620151232
1250,1980,Basic,Married,33380.23,0,1,2014-09-01,51,36,1,80,17,8,17,1,2,0,2,7,0,0,0,0,0,0,0,35,3,1,159,5,0,87,2,-1.826407304238736,-0.8821066536069595
1251,1962,PhD,Married,69185.22,1,0,2014-05-12,11,442,44,346,101,48,71,0,6,7,9,2,0,0,1,1,0,0,0,53,3,1,1052,22,2,199,0,3.190260883948351,-0.09646262292062832
1252,1944,Master,Single,59600.54,0,1,2012-07-21,19,294,42,96,32,22,71,1,2,4,8,6,0,0,1,0,0,0,0,71,2,1,557,15,1,859,3,1.0730659712626691,-0.5314356593789634
1253,1985,Graduation,Together,48408.96,1,0,2013-11-17,51,0,32,71,12,0,30,6,8,0,2,9,0,0,0,0,0,0,0,30,3,1,145,16,0,375,1,-2.051219646386289,2.454486745977521
1254,1960,Graduation,Married,97161.33,0,0,2013-08-13,29,675,87,478,59,66,68,4,1,5,9,6,1,1,0,1,0,0,0,55,2,0,1433,19,3,471,0,2.5758926966451403,0.41195059418361357
1255,1945,Graduation,Divorced,58598.91,0,2,2013-08-08,21,417,44,192,74,32,88,2,3,1,9,3,1,0,0,0,0,0,0,70,3,2,847,15,1,476,3,1.275159854949331,-0.5727920165441089
1256,1973,Master,Married,64793.36,0,2,2012-11-26,39,300,35,98,35,34,46,3,2,3,7,4,0,0,0,0,0,0,1,42,4,2,548,15,1,731,3,0.7095118360943751,-0.4227998329926611
1257,1960,Basic,Married,31846.8,1,0,2013-08-07,41,61,11,0,0,0,0,1,1,0,0,4,0,0,0,0,0,0,1,55,3,1,72,2,1,477,2,-1.6856520076528874,-1.5706488999108772
1258,1951,Graduation,Married,50178.15,0,1,2012-06-28,26,311,8,173,14,26,21,3,2,1,8,4,0,0,1,0,0,0,0,64,3,1,553,14,1,882,3,0.38556213080345103,-0.5421346103905945
1259,1975,Graduation,Single,39126.44,2,1,2014-08-17,32,25,15,78,16,31,25,4,9,2,5,10,0,0,0,0,0,0,1,40,4,3,190,20,1,102,1,-1.177996596845169,2.4203181728562555
1260,1967,Master,Single,37070.36,1,0,2014-11-04,18,20,0,34,16,3,29,0,4,1,3,5,0,0,0,0,0,0,0,48,2,1,102,8,0,23,2,-0.6711312652380015,-0.7148871343714778
1261,1969,PhD,Married,87758.99,0,0,2013-08-02,48,691,53,388,112,64,138,1,10,8,5,7,1,1,1,1,0,0,0,46,2,0,1446,24,4,482,0,2.477596003436482,2.1175813490700155
1262,1966,Basic,Married,85773.86,1,1,2014-10-15,21,469,5,484,107,53,76,2,6,7,7,4,1,1,1,1,0,0,0,49,4,2,1194,22,4,43,0,2.8553802527351446,0.8818543285330711
1263,1952,Graduation,Married,66520.17,1,0,2013-12-11,26,261,30,177,30,32,40,0,5,2,7,7,0,0,0,0,0,0,0,63,3,1,570,14,0,351,3,0.7037161073549718,0.11534607593967734
1264,1980,Master,Together,43388.52,0,0,2014-08-22,49,80,40,118,7,23,33,4,5,0,1,8,0,1,1,0,0,0,0,35,2,0,301,10,2,97,1,-1.8816708624144338,0.9906172739264034
1265,1993,Master,Single,36614.2,0,0,2013-03-30,57,207,0,59,14,20,7,7,6,0,3,7,1,0,0,0,0,0,0,22,1,0,307,16,1,607,1,-1.9617101298964779,1.7581928351693132
1266,1975,Basic,Single,24058.31,2,0,2014-05-14,76,14,11,6,14,5,6,1,2,0,1,9,0,0,0,0,0,0,0,40,3,2,56,4,0,197,2,-2.8455551914872816,-0.7814621673421934
1267,1981,Graduation,Divorced,35315.33,0,1,2012-12-21,52,122,29,153,7,0,43,5,6,1,3,7,1,0,0,1,0,0,0,34,2,1,354,15,2,706,1,-1.5461121307808166,1.289974914145783
1268,1973,Graduation,Married,25977.13,0,1,2012-12-06,40,0,9,8,4,4,15,0,1,0,3,6,0,0,0,0,0,0,0,42,3,1,40,4,0,721,2,-1.631285056679662,-1.600297732510489
1269,1944,PhD,Married,66470.54,0,0,2013-05-07,42,395,7,200,44,25,58,2,2,1,6,6,0,0,0,0,0,0,0,71,2,0,729,11,0,569,3,0.2413494178620627,-0.3890998950348645
1270,1984,Master,Single,45859.16,0,1,2014-04-11,54,71,6,90,36,17,0,3,7,1,0,7,0,0,0,0,0,0,0,31,2,1,220,11,0,230,1,-1.672217269130947,1.1126258269413662
1271,1966,PhD,Widow,96371.83,0,0,2013-06-17,35,402,99,711,45,84,63,2,3,10,6,3,1,0,0,1,1,0,0,49,1,0,1404,21,3,528,0,3.512375451422518,0.08707417252311318
1272,1981,Master,Single,39660.15,2,0,2013-12-08,48,202,7,31,24,29,11,2,7,1,2,7,0,0,0,0,0,0,0,34,3,2,304,12,0,354,1,-1.3051190308714737,0.8209754751840718
1273,1983,Master,Widow,21344.4,0,0,2014-02-16,43,47,6,13,11,8,13,3,1,0,3,3,0,0,0,0,0,0,0,32,1,0,98,7,0,284,2,-1.5602791298529644,-1.335011534001377
1274,1979,Graduation,Together,56654.91,1,0,2012-09-04,35,87,16,55,17,0,43,3,10,1,6,10,0,0,0,0,0,0,0,36,3,1,218,20,0,814,1,-0.7653963507560889,2.4947243852067875
1275,1976,Graduation,Married,99751.82,0,1,2013-06-05,20,792,52,480,72,42,147,1,1,0,8,3,0,0,1,1,0,0,0,39,3,1,1585,10,2,540,0,2.5887546205572773,-0.9219413247251977
1276,1980,Graduation,Single,58240.19,2,1,2014-07-08,61,87,18,144,11,5,31,6,6,2,4,10,0,0,0,0,0,0,0,35,4,3,296,18,0,142,1,-1.4421112743736708,2.1760196680707744
1277,1962,Master,Single,34883.17,1,1,2013-06-05,44,39,15,21,5,0,0,1,1,1,4,9,0,0,0,0,0,0,1,53,3,2,80,7,1,540,2,-1.6517750860088387,-0.7772351923771296
1278,1969,Graduation,Divorced,91039.77,0,0,2013-06-29,38,687,62,245,69,102,119,4,4,5,10,3,0,0,1,0,1,0,0,46,1,0,1284,23,2,516,0,2.780816618741026,0.5725104057445836
1279,1980,Basic,Widow,40377.82,0,0,2012-11-07,51,43,0,33,5,2,4,1,2,0,0,6,0,0,0,0,0,0,0,35,1,0,87,3,0,750,2,-1.8703239704279915,-0.9735403519162243
1280,1957,Graduation,Together,76492.27,1,0,2013-01-20,0,692,63,225,59,57,127,0,6,6,6,3,0,1,0,0,0,0,1,58,3,1,1223,18,2,676,0,2.9838843753630937,0.2262785187735543
1281,1967,Graduation,Divorced,48000.0,1,0,2012-07-01,66,21,10,45,12,10,14,0,0,0,2,6,0,0,0,0,0,0,0,48,2,1,112,2,0,879,2,-1.613375573214228,-1.814947231954286
1282,1962,Master,Married,48192.7,0,0,2014-08-06,37,260,44,188,56,45,74,3,1,4,9,4,1,0,0,0,0,0,1,53,2,0,667,17,2,113,3,0.9008872811607986,-0.7769065199736584
1283,1971,Master,Divorced,86188.68,0,1,2012-09-21,0,787,57,399,99,44,112,0,3,10,7,2,1,0,0,1,0,0,0,44,2,1,1498,20,2,797,0,4.290302155221032,-0.4770215504876713
1284,1983,Graduation,Together,26157.06,0,0,2014-04-03,83,44,8,46,0,2,11,0,4,0,6,8,0,0,0,0,0,0,0,32,2,0,111,10,0,238,2,-1.9557641524117522,-0.7689197390165333
1285,1983,2n Cycle,Married,45948.69,0,0,2013-03-08,33,68,4,116,7,3,28,5,9,1,1,5,0,0,0,0,0,0,0,32,2,0,226,16,0,629,1,-1.1031672031467776,1.953259284251276
1286,1977,Master,Married,57251.95,1,1,2014-08-20,35,67,13,109,33,31,17,0,4,4,4,4,0,0,0,0,0,0,0,38,4,2,270,12,0,99,3,0.4270106064946809,-0.7009425830262426
1287,1972,Master,Married,54487.2,0,1,2012-05-27,32,195,16,288,62,20,45,2,3,1,2,3,0,0,0,0,0,0,0,43,3,1,626,8,0,914,3,-0.04607217897569719,-0.6089325391777234
1288,1959,Graduation,Together,81581.5,0,1,2012-06-03,57,822,64,354,37,97,166,0,6,4,5,4,1,1,0,0,0,0,0,56,3,1,1540,15,2,907,0,2.034266006495613,0.09888848290817377
1289,1952,PhD,Married,93052.08,0,1,2013-09-19,28,749,64,456,81,116,108,0,2,7,7,3,1,0,1,1,1,0,0,63,3,1,1574,16,4,434,0,3.471243447121325,-0.7748799767649811
1290,1966,PhD,Married,74747.84,0,0,2013-03-03,37,565,72,302,88,23,107,2,4,8,6,3,0,0,0,0,0,0,1,49,2,0,1157,20,1,634,0,2.4974432721470667,0.05698086733076825
1291,1970,Master,Widow,74962.13,1,1,2014-08-11,29,837,69,470,104,52,69,0,5,9,11,1,1,0,0,0,0,0,1,45,3,2,1601,25,2,108,0,4.282880419745452,-0.44328542664432263
1292,1963,PhD,Single,80486.4,0,1,2012-10-08,17,541,81,412,81,69,97,0,7,9,10,6,1,0,0,1,0,0,1,52,2,1,1281,26,3,780,0,3.515579057187576,0.9607536880956224
1293,1953,Basic,Married,74518.55,0,0,2013-08-28,27,783,78,393,87,64,73,2,5,5,8,0,0,0,0,0,0,0,0,62,2,0,1478,20,0,456,0,3.1149232925060018,-0.1817160590532964
1294,1975,Basic,Together,36039.19,0,0,2013-02-02,47,47,7,58,10,6,1,0,2,0,5,4,0,0,0,0,0,0,0,40,2,0,129,7,0,663,2,-0.8948798628646676,-1.6361553683227288
1295,1966,PhD,Divorced,86632.26,0,1,2014-08-24,9,785,97,515,60,52,75,0,5,5,11,1,1,0,1,0,0,0,1,49,2,1,1584,21,3,95,0,4.116384810689547,-0.37328436922427427
1296,1966,PhD,Together,63949.31,0,1,2012-06-12,0,436,44,204,48,39,35,5,2,1,11,4,0,0,0,1,0,0,0,49,3,1,806,19,1,898,3,1.4770951531984262,0.2491652727499675
1297,1968,Master,Together,66599.3,0,1,2012-08-07,16,485,23,256,40,60,121,0,6,10,10,2,1,0,0,1,0,0,1,47,3,1,985,26,3,842,0,3.6248119170320736,-0.0708982111515182
1298,1954,2n Cycle,Together,76034.65,0,0,2013-01-15,12,725,70,556,92,34,135,2,6,6,8,4,0,0,0,0,0,0,1,61,2,0,1612,22,1,681,0,3.1427551820625927,0.8849613904589204
1299,1961,Master,Married,53551.33,0,0,2012-05-29,41,312,29,273,18,32,70,1,3,3,8,4,0,0,1,0,0,0,0,54,2,0,734,15,1,912,3,0.9460068954687776,-0.7703406816821416
1300,1978,Graduation,Together,39467.89,1,1,2013-09-11,84,20,16,41,12,3,12,2,1,1,0,6,0,0,0,0,0,0,0,37,4,2,104,4,0,442,2,-2.2627810170735034,-1.1341227499266646
1301,1990,Graduation,Married,43986.48,0,1,2013-07-13,12,111,0,62,18,23,0,3,10,2,2,9,0,0,0,0,0,0,0,25,3,1,214,17,0,502,1,-0.9184584887734113,2.4579880868797925
1302,1973,Graduation,Married,79915.43,0,0,2014-01-15,33,424,53,495,100,70,100,3,5,5,12,4,0,0,0,0,1,0,1,42,2,0,1242,25,2,316,0,2.8047987462236272,0.6381624966018247
1303,1975,2n Cycle,Divorced,25071.41,0,0,2012-11-26,44,64,0,75,6,0,7,3,1,0,4,4,0,0,0,0,0,1,0,40,1,0,152,8,0,731,2,-1.452262438968911,-1.1544744028441394
1304,1948,Graduation,Divorced,90361.03,0,1,2013-05-16,31,655,112,393,116,63,130,2,4,10,8,3,1,0,0,0,1,0,0,67,2,1,1469,24,2,560,0,3.781531984847903,0.30893043639269097
1305,1978,Graduation,Divorced,46721.69,2,0,2014-05-24,55,74,0,50,19,19,23,6,6,0,3,9,0,0,0,0,0,0,0,37,3,2,185,15,0,187,1,-2.027695837142299,1.8860246109780119
1306,1970,Master,Married,65477.33,1,0,2012-10-02,36,104,35,164,35,39,84,1,2,0,5,4,0,0,0,0,0,0,1,45,3,1,461,8,1,786,3,0.09824452576321122,-1.0175816043547834
1307,1989,Basic,Widow,18840.5,2,1,2013-10-24,59,74,18,50,4,10,2,3,2,1,0,4,0,0,0,0,0,0,0,26,4,3,158,6,0,399,2,-2.0861498622301484,-0.9365086655526915
1308,1976,Basic,Married,39740.73,1,0,2012-07-11,54,9,4,0,13,13,0,0,0,0,3,7,0,0,0,0,0,0,0,39,3,1,39,3,0,869,2,-1.6976813277641625,-1.6750787950690578
1309,1958,Graduation,Married,62784.3,0,0,2013-07-16,39,352,37,304,16,31,70,2,4,2,12,3,1,0,0,0,0,0,0,57,2,0,810,20,1,499,3,1.6456354363642884,-0.39826036673349813
1310,1982,Graduation,Married,43264.55,1,0,2012-11-13,36,116,32,64,42,21,41,3,1,1,1,8,0,0,0,0,0,0,0,33,3,1,316,6,0,744,2,-1.5482819873081848,-0.2124556070316639
1311,1972,Graduation,Single,18758.08,0,1,2014-11-06,54,14,6,34,0,14,12,2,3,0,1,3,0,0,0,0,0,0,0,43,2,1,80,6,0,21,2,-1.896819224812805,-1.1339849410016625
1312,1957,2n Cycle,Single,31153.66,2,1,2012-09-16,43,24,7,31,5,3,13,1,2,0,1,4,0,0,0,0,0,0,0,58,4,3,83,4,0,802,2,-1.5660704648336168,-1.3376010405996965
1313,1986,PhD,Single,18056.82,0,0,2014-02-14,44,26,0,68,13,9,7,2,2,0,1,6,0,0,0,0,0,0,0,29,1,0,123,5,0,286,2,-2.154991619785064,-0.8504705729898739
1314,1971,PhD,Together,70109.71,1,2,2013-03-30,34,217,7,163,46,11,33,2,4,3,7,4,0,0,0,0,0,0,0,44,5,3,477,16,0,607,3,0.9504235243071453,-0.10458742786586867
1315,1966,PhD,Married,81576.73,0,0,2014-08-30,56,796,65,476,99,66,106,0,2,14,2,3,0,0,0,0,1,0,0,49,2,0,1608,18,1,89,0,3.421510898296667,-0.714542416241204
1316,1982,Graduation,Together,42036.39,0,0,2014-09-25,51,80,2,61,24,25,12,6,9,1,4,8,0,1,0,0,0,0,0,33,2,0,204,20,1,63,1,-1.5524724537946006,2.521041341035331
1317,1980,Master,Single,48218.2,0,1,2012-10-05,40,88,32,38,31,17,14,4,5,1,2,7,0,0,0,0,0,0,0,35,2,1,220,12,0,783,1,-1.3170430690151635,0.9241007028345148
1318,1949,2n Cycle,Married,42465.16,0,0,2013-12-18,34,362,18,100,43,44,18,1,1,2,7,6,0,1,0,0,0,0,1,66,2,0,585,11,2,344,3,0.0644010672232863,-1.063629869062642
1319,1969,Master,Divorced,23777.03,0,0,2014-10-12,63,49,9,63,1,0,13,1,0,1,3,5,0,0,0,0,0,0,0,46,1,0,135,5,0,46,2,-1.7068182240806695,-1.8604820431355396
1320,2000,Master,Married,41060.14,1,1,2014-07-18,60,65,8,162,32,30,25,5,2,1,4,5,1,0,0,0,0,0,0,15,4,2,322,12,1,132,2,-1.2815923809842653,-0.10498447046316296
1321,1957,Graduation,Married,53936.85,1,0,2013-06-22,58,400,19,63,49,35,22,2,3,3,6,5,0,0,0,0,0,1,0,58,3,1,588,14,0,523,3,0.1182715339705475,-0.43763809292591016
1322,1983,2n Cycle,Divorced,44353.27,1,1,2014-09-07,79,131,12,10,40,14,32,6,4,0,3,5,0,0,0,0,0,0,0,32,3,2,239,13,0,81,1,-1.873267315664931,0.5651295261800827
1323,1960,Basic,Married,29647.25,1,0,2013-11-15,49,23,7,40,11,17,21,3,1,0,0,2,0,0,0,0,0,0,0,55,3,1,119,4,0,377,2,-1.6935029720288557,-1.4203458438909375
1324,1982,Master,Married,102840.5,0,1,2013-12-11,0,658,74,426,118,65,151,1,8,4,8,2,0,1,0,0,0,0,1,33,3,1,1492,21,2,351,0,3.8052075036329036,1.0123137594139342
1325,1982,Graduation,Together,35033.3,0,1,2012-06-29,45,72,16,79,0,28,38,8,8,2,4,10,0,0,0,0,0,0,0,33,3,1,233,22,0,881,1,-1.874111481129585,3.1307125144713126
1326,1972,Graduation,Together,73466.58,0,0,2014-09-11,29,580,76,329,82,74,177,5,3,2,9,2,0,0,0,0,1,0,0,43,2,0,1318,19,1,77,3,1.9799033292269068,0.2471180537337547
1327,1965,2n Cycle,Divorced,64406.11,0,0,2012-10-04,29,789,119,609,66,49,161,4,4,5,10,2,1,1,1,1,1,0,0,50,1,0,1793,23,5,784,0,2.9824496505405627,0.3459010673328535
1328,1962,2n Cycle,Married,24922.08,0,1,2013-03-13,69,41,16,23,20,10,23,1,0,0,1,2,0,0,0,0,0,0,0,53,3,1,133,2,0,624,2,-1.7857360373587827,-2.377509584872828
1329,1988,Master,Together,47768.42,1,1,2013-02-12,56,67,13,67,0,0,3,6,1,1,0,5,0,0,0,0,0,0,0,27,4,2,150,8,0,653,2,-1.862792145038193,-0.0006817389974734432
1330,1995,Master,Married,20152.14,0,0,2013-03-06,41,27,0,13,23,25,25,0,1,1,4,2,0,0,0,0,0,0,0,20,2,0,113,6,0,631,2,-0.8758422528254293,-2.266348628975167
1331,1951,Master,Married,55977.02,0,1,2013-05-25,26,352,10,94,5,11,48,2,5,0,6,8,0,0,0,0,1,0,0,64,3,1,520,13,1,551,3,-0.3115768724523691,0.6618547346813503
1332,1975,Graduation,Together,89897.1,0,0,2014-01-15,59,614,23,238,69,46,54,0,4,2,13,3,0,0,0,0,1,0,1,40,2,0,1044,19,2,316,0,2.445027028159847,-0.80454467188945
1333,1967,2n Cycle,Married,28608.13,0,0,2014-09-23,94,34,13,57,2,15,16,0,1,1,5,6,0,0,0,0,0,0,0,48,2,0,137,7,0,65,2,-1.8020065215558265,-1.8721249322588709
1334,1967,2n Cycle,Single,90707.46,0,0,2014-06-18,27,592,59,321,54,39,60,4,4,5,5,3,0,1,0,0,0,0,1,48,1,0,1125,18,2,162,0,2.1454974430752705,0.676871118845984
1335,1983,Graduation,Married,36153.87,2,0,2013-02-14,50,31,13,45,2,21,0,2,0,0,1,7,0,0,1,0,0,0,0,32,4,2,112,3,1,651,2,-2.0591207292844986,-1.1088866382248947
1336,1957,Master,Together,76818.44,1,0,2012-06-14,31,250,93,606,7,37,107,1,7,9,7,4,1,1,0,0,0,1,0,58,3,1,1100,24,2,896,0,2.8825662699814916,0.801836746572689
1337,1960,Graduation,Married,60480.03,0,1,2014-11-18,71,349,38,158,61,34,22,3,1,4,8,3,0,0,0,0,0,0,0,55,3,1,662,16,0,9,3,0.693338181676504,-1.0275498128991805
1338,1982,Master,Married,77522.99,1,1,2013-01-23,15,599,61,548,47,71,90,0,6,8,12,2,0,0,1,0,0,0,0,33,4,2,1416,26,1,673,0,4.199296223232424,0.0015525158421198764
1339,1990,Graduation,Divorced,42801.5,2,0,2014-06-27,67,94,25,114,22,24,57,3,7,3,0,6,0,1,0,0,0,0,0,25,3,2,336,13,1,153,1,-1.3366158217250674,0.9392918576844936
1340,1982,2n Cycle,Single,39171.92,0,0,2014-04-22,71,22,16,5,15,0,8,3,1,1,4,5,0,0,0,0,0,0,0,33,1,0,66,9,0,219,2,-1.5799632500937881,-1.0215106412005996
1341,1974,Master,Together,31575.05,2,0,2014-06-20,56,12,0,48,17,23,39,6,3,2,4,7,0,0,0,0,0,0,1,41,4,2,139,15,1,160,1,-1.7539993245660017,0.6958238519561252
1342,1967,Master,Married,59944.81,1,2,2014-08-28,15,250,16,165,52,0,59,1,3,4,6,2,0,0,0,0,0,0,0,48,5,3,542,14,0,91,3,1.423646465904845,-0.8643665646667263
1343,1953,Graduation,Married,57771.45,0,1,2013-10-09,22,179,15,175,0,20,32,4,2,4,7,4,1,0,0,1,0,0,0,62,3,1,421,17,2,414,3,0.7567779712661714,-0.10287829193417769
1344,1948,Graduation,Together,58683.41,0,0,2012-10-05,24,751,86,365,88,30,124,1,8,8,7,2,0,1,0,0,0,0,0,67,2,0,1444,24,1,783,0,3.0635275692930333,0.6674201737772022
1345,1970,Master,Widow,21563.83,0,0,2013-03-04,71,86,7,17,16,5,7,0,3,0,3,4,0,0,0,1,0,0,0,45,1,0,138,6,1,633,2,-1.73286854420663,-1.5968874643375977
1346,1954,Graduation,Widow,34970.74,2,0,2013-03-05,34,20,3,33,0,18,6,1,2,0,4,8,0,0,0,0,0,0,0,61,3,2,80,7,0,632,2,-1.521922639750282,-0.6513283683265224
1347,1975,Master,Divorced,84149.58,0,0,2014-03-17,9,641,67,452,115,93,101,0,7,7,9,4,0,1,0,1,0,0,0,40,1,0,1469,23,2,255,0,3.690262759235289,0.6929056329421994
1348,1959,Master,Single,54674.0,0,1,2012-11-06,23,241,32,141,31,60,13,2,3,0,5,2,0,0,0,0,0,0,0,56,2,1,518,10,0,751,3,0.3162169289488926,-0.8125682770671906
1349,1995,Basic,Married,41515.11,0,0,2013-10-13,52,86,38,35,27,28,23,4,5,0,1,6,0,0,0,0,0,0,1,20,2,0,237,10,1,410,1,-1.7590377334129068,0.6234145403763728
1350,1969,Graduation,Married,64836.65,0,1,2013-11-08,24,306,32,182,12,37,80,2,0,3,7,3,0,0,0,0,0,0,0,46,3,1,649,12,0,384,3,1.1746581968023584,-1.2682048682736287
1351,1973,PhD,Together,85162.08,0,0,2013-03-12,14,479,44,533,94,24,87,2,4,7,8,5,1,0,0,0,0,0,1,42,2,0,1261,21,2,625,0,2.9446171132982095,0.5526021460171112
1352,1968,Graduation,Married,71705.66,0,2,2014-10-11,58,424,2,173,38,26,43,1,1,4,6,4,0,0,0,0,0,0,0,47,4,2,706,12,0,47,3,0.9248207785059697,-1.1950852547916744
1353,1979,Master,Together,36474.77,0,0,2012-11-29,65,12,4,3,0,25,9,3,1,1,1,6,0,0,0,0,0,0,0,36,2,0,53,6,0,728,2,-2.0725418579071317,-0.8053968276566336
1354,1951,PhD,Together,51121.9,0,2,2014-09-27,47,401,4,96,28,15,66,2,2,2,9,3,0,0,0,0,0,0,0,64,4,2,610,15,0,61,3,0.6786104333283084,-1.0540485731025642
1355,1977,Master,Married,76283.57,0,0,2013-05-22,36,578,96,700,91,77,81,3,3,5,9,6,0,1,0,0,0,0,1,38,2,0,1623,20,2,554,0,2.369833522129667,0.5019170723418958
1356,1968,Graduation,Divorced,22978.35,1,1,2013-02-28,70,13,0,32,15,33,0,1,5,0,1,5,0,0,0,0,0,0,0,47,3,2,93,7,0,637,2,-2.1460072726584145,-0.608226361922205
1357,1984,Master,Single,42318.54,0,0,2014-01-10,31,134,12,48,16,37,10,9,10,1,2,8,0,0,0,0,0,0,0,31,1,0,257,22,0,321,1,-1.6928745005796708,3.73436095973927
1358,1967,Basic,Single,37191.43,1,1,2012-12-01,39,37,2,22,22,14,18,2,3,0,2,5,0,0,0,0,0,0,0,48,3,2,115,7,0,726,2,-1.4203097995744953,-0.5866534282853849
1359,1990,Master,Married,45786.69,1,0,2014-11-02,57,114,16,150,9,32,31,6,5,0,4,6,0,0,0,0,0,0,0,25,3,1,352,15,0,25,1,-1.4171315013863885,1.1348638729669394
1360,1964,Graduation,Single,96443.15,0,1,2013-08-14,14,408,52,221,35,37,128,3,4,7,9,0,1,0,0,0,0,0,1,51,2,1,881,23,2,470,0,3.5100632889923293,0.014325098295622054
1361,1971,Graduation,Married,62956.65,0,2,2013-07-28,36,251,38,176,55,23,40,4,2,2,11,3,0,0,0,0,1,0,0,44,4,2,583,19,1,487,3,1.1304663157641985,-0.4012486356305948
1362,1969,Basic,Single,29417.38,0,0,2014-04-08,22,13,5,26,7,9,11,0,2,0,1,12,0,0,0,0,0,0,0,46,1,0,71,3,0,233,2,-2.301700865300434,-0.2011363200193096
1363,1978,Graduation,Married,55372.06,0,0,2012-05-31,67,584,24,166,42,35,112,0,6,3,3,3,0,0,0,1,0,0,0,37,2,0,963,12,1,910,3,0.5188029401461431,-0.43477661944613255
1364,1984,PhD,Married,31720.73,0,0,2012-08-30,68,48,16,22,15,11,10,2,0,0,3,5,0,0,0,0,0,0,1,31,2,0,122,5,1,819,2,-1.8714555981680616,-1.5988742715097248
1365,1995,2n Cycle,Married,35299.39,0,1,2013-08-20,44,194,0,76,20,0,21,5,3,1,2,7,0,0,0,0,0,0,0,20,3,1,311,11,0,464,1,-1.6808516563341056,0.5558184880363587
1366,1985,2n Cycle,Together,53671.93,1,0,2014-03-17,53,0,21,45,5,15,31,9,6,0,3,8,0,0,1,0,0,0,1,30,3,1,117,18,2,255,1,-2.0373119759856624,2.5721536389133477
1367,1959,Graduation,Married,68040.66,0,0,2012-08-01,22,906,81,403,50,78,94,3,3,4,8,1,0,0,1,0,0,0,1,56,2,0,1612,18,2,848,0,2.749950842461999,-0.3113464888299535
1368,1948,Master,Widow,44992.25,0,1,2013-02-02,13,289,58,230,12,6,47,0,3,1,8,4,1,1,1,0,0,0,0,67,2,1,642,12,3,663,3,0.8129149457808955,-1.0225804438692545
1369,1986,2n Cycle,Single,36207.56,2,0,2013-12-02,25,14,30,102,24,9,25,7,7,2,2,9,0,0,0,0,0,0,0,29,3,2,204,18,0,360,1,-1.6678692322560216,2.5909783306310996
1370,1979,2n Cycle,Single,38348.43,2,1,2014-04-22,57,172,17,14,19,10,0,3,7,2,3,4,0,0,1,0,0,0,0,36,4,3,232,15,1,219,1,-0.9200733777540987,0.544105745676014
1371,1987,Graduation,Married,33868.63,2,0,2012-11-09,37,104,11,63,29,27,51,10,7,1,0,9,0,0,0,0,0,0,0,28,4,2,285,18,0,748,1,-2.460271683766927,3.3059804747865664
1372,1993,Master,Single,48218.2,1,1,2014-02-04,65,64,24,106,25,16,27,7,6,1,7,9,0,0,1,0,0,0,0,22,3,2,262,21,1,296,1,-1.4757060124195231,2.0945984855854904
1373,1964,Master,Married,77080.11,0,1,2013-04-18,24,678,92,283,115,39,146,2,7,5,10,2,1,0,0,0,0,0,0,51,3,1,1353,24,1,588,0,3.1237257855355214,0.6533948861733175
1374,1991,2n Cycle,Single,31412.65,0,0,2012-11-12,24,98,3,136,27,16,38,6,4,0,0,4,0,0,0,0,0,0,0,24,1,0,318,10,0,745,1,-1.5572810279486538,0.6798012704379904
1375,1980,2n Cycle,Single,33115.4,2,1,2012-12-18,63,0,11,40,28,12,31,7,9,0,1,6,0,0,0,0,0,0,1,35,4,3,122,17,1,709,1,-2.3352627716720504,2.316671237066331
1376,1985,Master,Together,43310.27,1,0,2013-01-18,52,87,30,147,21,1,27,3,2,1,4,7,0,0,0,0,0,0,0,30,3,1,313,10,0,678,2,-1.2358590863075434,-0.24809295405648443
1377,1968,Master,Married,35262.75,1,1,2012-09-30,99,22,9,34,8,7,0,0,2,1,7,4,0,0,0,0,0,0,0,47,4,2,80,10,0,788,2,-1.2498621380949277,-1.9490973700423233
1378,1958,PhD,Divorced,88789.93,1,0,2014-10-20,23,724,81,458,96,83,172,0,7,5,6,3,1,0,0,0,0,0,0,57,2,1,1614,18,1,38,0,3.1630563804231446,0.4869682616901629
1379,1965,Master,Divorced,46267.45,0,1,2013-01-07,72,245,30,123,58,30,6,5,2,4,10,1,0,0,0,0,0,0,0,50,2,1,492,21,0,689,3,0.5988975015117999,-0.7353061688418957
1380,1942,Master,Single,54026.77,0,0,2013-06-30,25,270,26,142,78,14,48,4,4,3,9,3,0,0,0,0,0,0,0,73,1,0,578,20,0,515,3,1.0587579401024345,0.17922224903312986
1381,1985,2n Cycle,Married,43513.0,2,0,2012-08-18,23,52,23,64,6,17,45,2,4,3,6,11,0,0,1,0,0,0,0,30,4,2,207,15,1,831,1,-0.7554803889585733,0.8500085141222163
1382,1988,Graduation,Married,41848.64,2,0,2013-06-02,46,20,15,18,18,4,30,7,5,0,5,6,1,0,0,0,0,0,0,27,4,2,105,17,1,543,1,-1.5449689041199068,1.3744617847455183
1383,1978,Basic,Single,15153.55,0,0,2012-10-08,40,23,3,15,5,4,11,1,2,0,3,4,0,0,0,0,0,0,0,37,1,0,61,6,0,780,2,-1.6252042935112265,-1.4777180663671197
1384,1976,Master,Single,49454.88,2,1,2012-10-15,44,124,16,51,9,4,13,5,4,0,2,6,0,0,0,0,0,0,0,39,4,3,217,11,0,773,1,-1.4895348721932442,0.7166403413841714
1385,1948,Master,Married,44789.3,1,1,2013-12-19,26,347,6,311,60,26,37,2,4,3,10,3,0,0,1,0,0,0,0,67,4,2,787,19,1,343,3,1.3466923348302706,-0.40510436781709686
1386,1961,Basic,Married,31652.28,1,0,2013-05-15,50,41,10,3,1,0,5,1,2,0,2,1,0,0,0,0,0,0,0,54,3,1,60,5,0,561,2,-1.1527079929404298,-1.8782884346478321
1387,1983,Graduation,Single,32486.59,1,1,2012-05-28,58,113,0,33,31,1,5,7,2,1,4,11,0,0,0,0,0,0,0,32,3,2,183,14,0,913,1,-2.5200346063226045,1.3148812972847803
1388,1974,Graduation,Married,17625.34,2,0,2013-12-18,74,28,9,30,9,0,11,3,3,0,3,4,0,0,0,0,0,0,0,41,4,2,87,9,0,344,2,-2.1490848283148973,-0.8602799781475415
1389,1954,Graduation,Married,63683.54,1,1,2014-06-22,46,341,24,76,29,32,21,3,4,3,8,5,0,0,0,0,0,0,0,61,4,2,523,18,0,158,3,0.6113529237589655,0.19559498358363134
1390,1962,Master,Single,58771.54,0,2,2013-09-03,15,364,27,154,23,21,51,3,4,2,6,2,0,0,0,0,0,0,0,53,3,2,640,15,0,450,3,1.0261792456542138,-0.13169588022215303
1391,1971,PhD,Married,54771.73,0,0,2014-11-13,78,224,14,182,47,35,53,0,2,0,9,5,0,0,0,0,0,0,1,44,2,0,555,11,1,14,3,-0.15173637328222592,-1.4894048306980527
1392,1987,2n Cycle,Single,63196.32,1,0,2012-11-01,67,121,0,101,24,18,25,3,3,2,1,11,0,0,0,0,0,0,0,28,2,1,289,9,0,756,1,-1.7663071802560832,0.8017844678906041
1393,1966,PhD,Married,51483.5,0,1,2014-11-24,24,236,52,262,26,30,68,2,3,1,10,3,0,0,0,0,0,0,0,49,3,1,674,16,0,3,3,1.0455327648199424,-0.6911638947936951
1394,1992,Graduation,Together,39714.54,0,0,2014-10-20,13,61,30,143,6,21,14,7,7,0,1,9,0,0,1,1,0,0,0,23,2,0,275,15,2,38,1,-1.8193489339660611,2.6479028437730356
1395,1983,Graduation,Together,42787.1,0,1,2014-06-08,18,40,0,28,16,0,11,1,2,0,6,6,0,0,1,0,0,0,0,32,3,1,95,9,1,172,3,-0.6164612755520416,-0.8462458312721145
1396,1954,2n Cycle,Married,59915.56,0,0,2014-06-25,42,217,25,98,22,28,61,5,2,1,8,0,0,0,0,0,0,0,0,61,2,0,451,16,0,155,3,0.633166349556312,-0.6953570668546097
1397,1984,Graduation,Single,33552.28,1,0,2012-07-02,51,67,8,105,23,10,0,3,6,0,2,9,0,0,0,0,0,0,0,31,2,1,213,11,0,878,1,-2.0957063051852076,1.0315316683492404
1398,1984,Basic,Divorced,49004.6,1,0,2013-07-23,58,165,5,0,9,9,54,4,6,1,2,6,0,0,0,1,0,0,1,31,2,1,242,13,2,492,1,-1.3666043914043535,0.9298091643990664
1399,1998,Basic,Single,23028.29,0,0,2013-11-28,54,41,13,17,0,5,18,2,2,1,3,4,0,0,0,0,0,0,0,17,1,0,94,8,0,364,2,-1.5384298993897447,-1.1934541160764056
1400,1977,2n Cycle,Married,30432.79,1,0,2014-11-09,71,1,6,78,3,12,6,4,5,0,0,6,0,0,0,0,0,0,0,38,3,1,106,9,0,18,1,-2.49608836382566,0.41668209995873184
1401,1981,Master,Single,49014.95,1,1,2012-08-12,0,48,13,120,27,0,16,3,7,0,4,7,0,0,0,0,0,0,0,34,3,2,224,14,0,837,1,-0.5364279012796092,1.362310135044333
1402,1979,Graduation,Single,58656.32,1,0,2013-05-24,29,6,15,67,31,0,35,5,3,1,7,4,0,0,0,0,0,0,1,36,2,1,154,16,1,552,3,-0.13095272798410296,0.24134137536629377
1403,1985,2n Cycle,Single,33017.82,0,1,2012-06-01,26,41,23,45,26,32,25,2,6,2,1,8,0,0,0,0,0,0,0,30,2,1,192,11,0,909,1,-1.3680727266223476,0.8246626902884291
1405,1966,Master,Together,83683.54,1,1,2013-12-19,27,559,84,468,90,36,83,0,5,7,10,4,0,0,0,0,0,0,0,49,4,2,1320,22,0,343,0,3.365415558165432,0.018515500529129945
1406,1975,Master,Together,22503.32,0,1,2013-07-01,46,48,4,52,3,19,20,1,1,0,3,5,0,0,0,0,0,0,0,40,3,1,146,5,0,514,2,-1.6310564246649975,-1.5406267973561985
1407,1980,PhD,Together,19838.75,0,0,2014-10-09,0,85,7,69,0,2,26,0,2,0,5,0,1,0,0,0,0,0,0,35,2,0,189,7,1,49,3,-0.0027961771409519037,-2.125191153508607
1408,1992,Graduation,Together,50905.71,0,0,2012-09-16,57,124,32,131,17,29,41,7,4,0,3,6,0,0,1,0,0,0,1,23,2,0,374,14,2,802,1,-1.5228940254336376,1.1953638669457274
1409,1984,Graduation,Widow,58478.24,2,0,2013-06-25,33,100,4,84,17,22,35,2,7,1,5,10,0,0,1,0,0,0,1,31,3,2,262,15,2,520,1,-0.777807075879258,1.490841347243182
1410,1950,Graduation,Married,60725.88,0,1,2012-07-04,30,377,2,235,23,0,80,4,3,0,3,4,0,0,0,0,0,0,0,65,3,1,717,10,0,876,3,-0.13868152197005254,0.11100766269717911
1411,1968,Master,Divorced,32648.75,1,0,2012-07-17,87,33,15,30,13,8,2,1,2,1,0,1,0,0,0,0,0,0,0,47,2,1,101,4,0,863,2,-1.6793349494934071,-2.0167628486023994
1412,1979,2n Cycle,Divorced,48000.0,2,0,2014-01-02,60,24,6,12,9,0,14,2,4,0,1,2,0,0,0,1,0,0,1,36,3,2,65,7,2,329,2,-1.2358511640586174,-0.8422599665239736
1413,1977,Graduation,Single,22099.59,2,1,2012-12-28,59,64,11,1,10,6,3,2,0,0,1,4,0,0,0,0,0,0,0,38,4,3,95,3,0,699,2,-2.090228658826157,-1.7597808234552046
1414,1988,Graduation,Together,25570.13,1,0,2014-04-23,49,247,9,120,38,1,22,5,4,0,3,7,0,0,1,0,0,0,0,27,3,1,437,12,1,218,1,-1.8410093497319269,0.6875099974640368
1415,1961,Graduation,Single,80197.29,1,0,2014-03-22,0,466,59,396,114,85,170,4,3,2,9,2,1,0,1,0,1,0,1,54,2,1,1290,18,4,250,0,2.566396498413664,0.1992556447551683
1416,1991,Graduation,Married,31521.39,1,1,2013-01-22,51,133,1,80,33,23,4,6,8,0,2,5,0,0,0,0,0,0,0,24,4,2,274,16,0,674,1,-1.7446905756836473,1.698250232620454
1417,1969,Master,Together,52589.54,0,1,2012-07-23,38,177,84,110,108,14,31,2,2,1,6,5,0,0,0,0,0,0,0,46,3,1,524,11,0,857,3,-0.05576816091139514,-0.6728461352386673
1418,1941,Basic,Divorced,47881.68,0,2,2013-03-25,39,375,32,177,52,25,42,3,0,2,5,4,0,0,1,1,1,0,1,74,3,2,703,10,4,612,3,0.047249804422672945,-1.0574569797910898
1419,1975,2n Cycle,Single,104065.93,0,1,2012-11-12,25,854,62,437,69,67,94,1,6,7,8,3,0,0,1,0,0,0,0,40,2,1,1583,22,1,745,0,3.8916962637866335,0.6305084867523499
1420,1943,Graduation,Divorced,48218.2,0,2,2012-09-17,18,458,1,143,35,15,50,2,1,1,9,6,0,0,0,0,0,0,0,72,3,2,702,13,0,801,3,0.5156251334652723,-0.7018975968198274
1421,1979,2n Cycle,Divorced,5000.0,1,0,2012-12-13,18,32,5,10,5,4,14,0,3,0,4,6,0,0,0,0,0,0,1,36,2,1,70,7,1,714,2,-1.5576396386293037,-1.1201325743796158
1422,1990,Master,Together,36093.23,1,1,2013-12-09,39,55,5,39,2,4,12,1,3,0,1,4,0,0,0,0,0,0,0,25,4,2,117,5,0,353,2,-1.3519562532969405,-1.007119229922902
1423,1982,Master,Married,11475.1,1,1,2014-02-16,49,31,4,57,20,0,18,2,1,0,5,3,0,0,0,0,0,0,0,33,4,2,130,8,0,284,2,-1.4818399406834328,-1.7346826768788082
1424,1963,Basic,Single,28522.58,1,0,2014-11-18,79,30,0,22,17,21,12,0,2,1,0,6,0,0,0,0,0,0,0,52,2,1,102,3,0,9,2,-2.2321619119534857,-1.4578963870517643
1425,1981,Basic,Single,31017.84,0,0,2014-03-17,61,65,7,0,0,13,17,0,0,0,1,2,0,0,0,0,0,0,0,34,1,0,102,1,0,255,2,-1.5003990259879283,-2.5533780225683467
1426,1954,Graduation,Married,57706.54,0,0,2014-07-12,40,703,71,600,97,78,92,2,8,4,5,2,0,0,0,1,0,0,1,61,2,0,1641,19,2,138,0,2.0250128892428996,0.759935778229505
1427,1989,Master,Married,21426.26,2,0,2014-05-19,59,31,4,21,6,6,9,0,0,1,5,4,0,0,0,0,0,0,0,26,4,2,77,6,0,192,2,-1.2937474040863626,-2.3208939552992645
1428,1976,Graduation,Single,35733.54,0,0,2013-01-23,49,87,2,8,7,22,21,3,7,0,2,5,0,0,1,0,0,0,0,39,1,0,147,12,1,673,1,-1.5345801232933731,0.6636853763106754
1429,1980,2n Cycle,Together,38489.56,1,1,2013-09-20,66,79,1,72,6,35,43,2,8,1,1,8,0,0,1,0,0,0,0,35,4,2,236,12,1,433,1,-1.8706633601908946,1.1331125000602942
1430,1983,2n Cycle,Single,35367.84,2,0,2013-05-02,46,106,1,41,27,30,45,4,6,0,2,6,0,0,0,0,0,0,0,32,3,2,250,12,0,574,1,-1.6406830464599518,0.86081440719405
1431,1989,2n Cycle,Together,48218.2,0,0,2014-01-11,92,22,6,15,12,0,3,2,0,0,3,5,0,0,0,0,0,0,0,26,2,0,58,5,0,320,2,-1.9212430795493687,-1.6212505993936583
1432,1962,Master,Together,47313.5,1,1,2013-12-05,29,546,0,58,52,2,11,1,3,3,8,6,0,0,0,0,0,0,0,53,4,2,669,15,0,357,3,0.6542318048312789,-0.4371798217603687
1433,1984,PhD,Married,40705.96,2,0,2014-10-08,69,68,10,78,10,31,32,8,6,0,7,6,0,1,0,0,0,0,0,31,4,2,229,21,1,50,1,-1.567274696975893,1.7521427708645343
1434,1988,2n Cycle,Married,41003.4,0,0,2013-10-21,48,16,37,75,26,21,11,7,7,1,5,5,0,0,0,0,0,0,1,27,2,0,186,20,1,402,1,-1.1626834199002312,1.7674458213157027
1435,1973,Graduation,Married,19883.75,1,1,2014-11-15,48,50,6,19,7,16,18,3,2,0,2,3,0,0,0,0,0,0,0,42,4,2,116,7,0,12,2,-1.7398906359644903,-1.0957200352352348
1436,1963,Graduation,Together,17261.98,0,0,2012-07-16,72,47,15,26,0,5,11,0,3,0,3,1,0,0,0,0,0,0,0,52,2,0,104,6,0,864,2,-1.471849355843699,-2.1278531367192364
1437,1971,Master,Married,98460.2,0,0,2014-05-28,27,757,50,246,124,35,116,3,7,4,5,1,1,0,0,0,0,0,0,44,2,0,1328,19,1,183,0,2.758280583677138,0.9390924753923342
1438,1993,2n Cycle,Single,51210.0,0,0,2013-04-14,62,153,10,64,34,21,43,6,7,1,0,6,0,0,0,0,0,0,0,22,1,0,325,14,0,592,1,-1.6827058368696384,1.7588597441142917
1439,1994,Graduation,Together,52594.47,2,0,2013-10-25,46,67,7,132,20,5,52,5,3,0,4,6,0,0,0,0,0,0,0,21,4,2,283,12,0,398,1,-1.16438067519017,0.4504318301956171
1440,1965,Graduation,Married,90672.85,1,0,2013-03-22,19,742,83,463,108,79,101,1,5,7,9,2,1,0,0,0,1,0,0,50,3,1,1576,22,2,615,0,3.922935961131115,0.12100592625336878
1441,1962,Graduation,Married,80915.58,0,2,2013-10-01,1,345,0,284,76,35,51,1,2,3,4,4,0,0,0,1,0,0,1,53,4,2,791,10,2,422,3,1.5810736670177483,-0.5181339018332745
1442,1988,Basic,Divorced,40631.11,2,1,2013-09-12,40,65,0,36,16,45,2,8,5,2,7,8,0,0,0,0,0,0,0,27,4,3,164,22,0,441,1,-1.196870553426365,2.037738798268517
1443,1935,Graduation,Married,58061.53,1,1,2013-11-21,42,181,25,156,0,33,47,1,2,2,9,5,1,0,0,0,0,0,0,80,4,2,442,14,1,371,3,0.5438196231321398,-0.9417320551884327
1444,1961,2n Cycle,Widow,43765.45,2,0,2012-09-11,63,20,0,42,15,18,16,1,0,1,2,2,0,0,1,0,0,0,0,54,3,2,111,4,1,807,2,-1.0492513366524427,-2.1795301895768215
1445,1992,Master,Divorced,34782.88,1,0,2014-06-06,65,3,12,17,13,0,0,1,1,2,3,6,0,0,0,0,0,0,0,23,2,1,45,7,0,174,2,-1.536745021435681,-1.3441935762956845
1447,1963,Master,Widow,111070.13,1,0,2012-06-12,30,181,56,448,99,42,162,0,4,9,8,3,1,0,0,1,1,0,0,52,2,1,988,21,3,898,0,3.751604794312999,-0.1723652216439641
1448,1984,Master,Single,49338.03,0,1,2013-05-22,16,191,0,28,28,16,48,4,8,4,2,7,0,0,0,1,0,0,0,31,2,1,311,18,1,554,1,-0.3075464321806041,1.9775982705513147
1449,1962,Graduation,Married,61371.02,0,1,2014-06-23,29,306,31,188,4,45,44,5,1,1,5,1,0,0,0,0,0,0,0,53,3,1,618,12,0,157,3,0.4697913454390898,-0.6361323716581606
1450,1980,Master,Single,48302.66,1,0,2013-10-20,24,136,24,0,33,13,21,3,2,0,3,8,0,0,0,0,0,0,0,35,2,1,227,8,0,403,2,-1.258486140829176,0.08122813781585743
1451,1988,Master,Single,25021.33,2,1,2012-10-21,42,66,18,111,19,23,24,3,8,2,7,10,1,0,0,0,0,0,1,27,4,3,261,20,2,767,1,-1.228460828033766,1.7087323483845582
1452,1984,2n Cycle,Married,41220.46,0,0,2013-06-22,58,63,19,87,23,0,20,6,8,1,0,8,0,0,0,0,0,0,1,31,2,0,212,15,1,523,1,-2.1810583701880186,2.2698299632398444
1453,1968,PhD,Married,60622.34,0,0,2014-02-10,10,434,94,390,46,75,39,1,6,4,5,0,0,1,0,0,0,0,0,47,2,0,1078,16,1,290,0,2.2408883267816764,-0.2560916104085285
1454,1957,2n Cycle,Single,28864.21,0,0,2013-12-06,25,36,7,58,11,2,23,0,2,1,5,6,0,0,0,0,0,0,0,58,1,0,137,8,0,356,2,-0.8340317569553937,-1.2051987349693922
1455,1969,Graduation,Divorced,35110.96,0,1,2013-10-18,39,216,8,135,57,11,63,3,2,2,10,5,0,0,0,1,0,0,0,46,2,1,490,17,1,405,3,0.12179370573600413,-0.5800922511093196
1456,1978,Graduation,Together,43651.66,0,0,2014-09-19,73,164,11,101,1,6,47,3,6,1,5,8,0,0,0,0,0,0,0,37,2,0,330,15,0,69,1,-1.40260686106126,0.8323387971450891
1457,1942,Graduation,Married,42777.98,1,0,2013-11-29,16,288,24,268,30,34,43,4,3,3,6,4,0,0,0,0,0,0,0,73,3,1,687,16,0,363,3,0.524343689511755,0.10533828464685106
1458,1963,PhD,Married,61286.95,1,0,2014-08-23,60,449,4,262,66,70,70,2,4,2,8,1,1,0,0,0,0,0,1,52,3,1,921,16,2,96,3,1.2021845750754916,-0.7792187875894038
1459,1950,Master,Divorced,42655.11,1,2,2013-06-27,16,333,11,176,56,47,35,0,8,2,8,3,0,0,0,0,0,0,0,65,4,3,658,18,0,518,3,1.164634572986441,0.12852171418776456
1460,1984,Master,Together,40803.3,2,1,2013-10-20,64,133,19,90,24,22,10,6,5,1,4,7,0,0,0,0,0,0,0,31,5,3,298,16,0,403,1,-1.6334307846410292,1.240908826448345
1461,1976,Graduation,Divorced,37740.53,0,0,2013-04-25,68,139,18,58,0,19,19,5,10,1,7,6,0,0,0,0,0,0,0,39,1,0,253,23,0,581,1,-1.0785473410499882,2.028426256424583
1462,1993,Master,Married,36069.88,1,0,2014-11-27,65,67,8,52,0,15,22,0,1,1,1,7,0,0,0,0,0,0,1,22,3,1,164,3,1,0,2,-1.8598698635630408,-1.4209549019600503
1463,1975,2n Cycle,Together,13964.66,1,0,2012-12-30,25,32,11,25,5,9,25,1,2,1,0,8,0,0,0,0,0,0,0,40,3,1,107,4,0,697,2,-2.1379471644872488,-0.6676223748210331
1464,1970,Basic,Divorced,35797.47,0,0,2012-11-09,89,10,4,56,8,6,30,0,4,1,1,7,0,0,0,0,0,0,0,45,1,0,114,6,0,748,2,-2.163282356682956,-0.7847799980917864
1465,1962,PhD,Together,85041.55,1,0,2014-03-30,10,632,49,317,91,62,106,1,7,6,9,3,1,0,0,0,0,0,1,53,3,1,1257,23,2,242,0,3.374344447146839,0.7252727821895496
1466,1960,Graduation,Married,62922.12,0,1,2014-01-31,41,452,21,253,82,24,59,3,5,3,5,3,0,0,0,0,0,0,0,55,3,1,891,16,0,300,3,0.935613783303714,0.26621420961293535
1467,1986,Master,Single,40758.46,0,0,2013-10-09,93,166,10,82,39,5,29,6,6,1,1,10,0,0,0,0,1,0,0,29,1,0,331,14,1,414,1,-2.7407116275126135,1.8678476118996838
1468,1960,Master,Married,93246.25,1,0,2013-07-03,11,686,16,457,121,0,148,3,5,6,10,3,1,0,0,0,1,0,1,55,3,1,1428,24,3,512,0,3.6049346984758506,0.8045083421920908
1469,1984,Master,Married,23593.27,1,1,2013-11-19,37,125,31,22,2,9,27,5,5,2,3,7,0,0,0,0,0,0,0,31,4,2,216,15,0,373,1,-1.576829309369251,1.0323873723641288
1470,1973,Master,Married,64080.54,1,1,2012-12-24,49,591,59,416,69,33,68,4,4,8,4,4,0,0,0,0,0,0,0,42,4,2,1236,20,0,703,0,1.647412769511744,0.6373119887826266
1471,1977,Graduation,Together,46849.05,0,1,2014-08-11,32,193,39,120,6,4,34,2,3,2,2,7,0,0,0,0,0,0,0,38,3,1,396,9,0,108,2,-0.7881451752544304,-0.028922436597009306
1472,1976,Basic,Single,33422.89,0,0,2013-08-16,88,78,12,32,5,18,5,1,5,0,3,6,0,0,0,0,0,0,0,39,1,0,150,9,0,468,2,-2.003504871011898,-0.48801065426692897
1473,1976,2n Cycle,Together,65114.16,0,1,2013-04-01,28,147,27,372,49,31,67,1,3,4,7,2,0,0,1,0,0,0,0,39,3,1,693,15,1,605,3,1.624222293107727,-0.8869876467303522
1474,1955,2n Cycle,Married,62343.46,0,1,2012-10-12,12,95,33,157,52,31,47,2,4,0,3,5,1,0,0,0,0,0,0,60,3,1,415,9,1,776,3,-0.09672465812207721,0.06948228042432886
1475,1969,PhD,Together,100330.26,1,1,2012-11-08,7,655,48,620,112,56,120,2,9,4,7,0,0,0,0,0,0,0,0,46,4,2,1611,22,0,749,0,3.8569318816693205,1.1908851203255162
1476,1958,Master,Together,79777.36,1,0,2013-09-24,10,684,97,490,134,63,107,0,3,7,8,3,0,0,0,0,1,0,0,57,3,1,1575,18,1,429,0,3.594818345732827,-0.5253913625694431
1477,1965,Graduation,Single,104183.63,1,0,2014-03-27,26,500,83,271,145,53,133,3,4,3,6,3,0,1,0,1,1,0,0,50,2,1,1185,16,3,245,0,2.3695959039076695,0.45248014282058274
1478,1973,Master,Married,92874.53,0,1,2014-09-09,8,793,40,483,35,38,142,0,2,6,8,1,0,0,0,0,0,0,0,42,3,1,1531,16,0,79,0,3.9209184293339114,-1.0388701234684559
1479,1985,Master,Single,101740.95,0,0,2013-09-03,24,708,87,769,64,52,141,3,4,4,8,5,1,1,1,0,0,0,1,30,1,0,1821,19,4,450,0,3.114236840920443,0.8876574732072667
1480,1962,Master,Together,25855.36,2,0,2012-06-20,73,102,1,54,13,6,9,1,2,0,5,2,0,0,0,0,0,0,0,53,4,2,185,8,0,890,2,-1.2204299013843858,-1.916394574170326
1481,1966,Basic,Married,18235.29,2,0,2014-11-02,44,29,12,70,10,8,19,1,2,1,0,6,0,0,0,0,0,0,0,49,4,2,148,4,0,25,2,-2.0048522028680362,-1.0613023952540699
1482,1974,Graduation,Divorced,99507.81,0,1,2013-03-07,19,567,86,417,155,52,38,3,6,8,10,2,0,0,0,0,0,0,1,41,2,1,1315,27,1,630,0,4.003019396231097,0.9547008125923894
1483,1998,PhD,Together,49641.48,2,1,2012-10-10,63,122,27,103,48,8,8,4,11,0,3,5,0,0,0,0,0,0,0,17,5,3,316,18,0,778,1,-1.130552069455357,2.0211760049444405
1484,1967,Graduation,Single,20275.03,1,0,2014-03-03,23,2,6,15,8,13,27,0,1,0,0,6,0,0,0,0,0,0,0,48,2,1,71,1,0,269,2,-1.861482037794289,-1.497452013963985
1485,1965,Graduation,Married,57724.82,0,0,2013-06-06,9,254,0,156,51,23,19,6,6,1,11,3,0,0,0,0,1,0,0,50,2,0,503,24,1,539,3,1.0857809876876827,1.2463094029187152
1486,1978,Graduation,Widow,58007.04,2,0,2012-07-23,64,198,10,21,21,20,27,5,3,0,3,7,0,0,0,0,1,0,0,37,3,2,297,11,1,857,1,-1.540986840721942,0.5663286767177934
1487,1985,Graduation,Married,42964.99,2,1,2013-08-27,38,141,6,78,32,26,6,3,4,1,4,4,0,0,0,0,0,0,0,30,5,3,289,12,0,457,3,-0.6292017759651977,-0.13397647063618978
1488,1986,Graduation,Together,60926.15,1,1,2012-10-23,47,72,15,39,4,15,32,6,8,1,5,8,0,0,1,0,0,0,0,29,4,2,177,20,1,765,1,-1.0378247449867883,2.410671314545736
1489,1958,Master,Single,48011.95,0,0,2014-07-09,21,312,72,83,50,37,36,1,3,3,7,6,0,0,0,0,0,0,0,57,1,0,590,14,0,141,3,0.5758626008170868,-0.3849341562412993
1490,1951,Graduation,Married,67344.47,0,0,2014-04-21,54,271,66,201,49,24,18,1,2,2,7,2,0,0,0,0,0,0,0,64,2,0,629,12,0,220,3,0.8987462068356925,-1.3625409215417177
1491,1977,2n Cycle,Together,54094.97,1,1,2012-10-13,77,312,43,258,27,15,75,3,2,1,4,2,0,0,0,0,0,0,1,38,4,2,730,10,1,775,2,-0.2903588913415156,-1.043926188669759
1492,1968,Graduation,Single,8025.64,1,0,2013-12-16,25,55,3,26,16,0,15,2,2,0,3,8,0,0,0,0,0,0,0,47,2,1,115,7,0,346,2,-2.124699339999389,-0.5244531833670215
1493,1962,Master,Together,68816.16,0,0,2012-09-14,26,704,61,470,168,66,169,1,5,1,8,3,0,0,0,0,1,0,0,53,2,0,1638,15,1,804,0,2.1917881238517936,-0.10609463676113522
1494,1961,Master,Single,77416.67,1,2,2012-08-29,54,361,47,78,21,32,58,1,3,1,7,4,0,0,0,0,0,0,0,54,4,3,597,12,0,820,3,0.6706920250276825,-0.7371823532990831
1495,1953,Graduation,Married,23120.95,1,0,2013-11-28,84,43,1,25,2,18,23,1,1,0,2,1,0,0,0,0,0,0,0,62,3,1,112,4,0,364,2,-1.764546626365578,-2.396487344829383
1496,1975,Graduation,Married,99133.35,0,0,2013-01-09,18,478,52,359,100,65,177,0,3,8,6,3,0,0,0,0,0,0,0,40,2,0,1231,17,0,687,0,3.4651991463128553,-0.41993541912899474
1497,1986,PhD,Divorced,44007.1,0,1,2013-02-07,42,66,12,48,0,27,32,6,11,0,4,7,0,1,0,0,0,0,0,29,2,1,185,21,1,658,1,-1.3904722657782684,2.9148669131347544
1498,1959,Graduation,Together,68189.44,1,1,2013-05-09,33,407,26,76,25,31,50,2,3,0,9,1,0,0,0,0,0,0,0,56,4,2,615,14,0,567,3,1.182467243616928,-0.9665927448824976
1499,1992,Master,Together,55911.04,2,0,2013-03-05,20,0,16,113,30,31,46,2,9,2,1,4,0,0,0,0,0,0,0,23,4,2,236,14,0,632,1,-0.17022088580888475,1.1867167537813574
1500,1967,Graduation,Together,18917.83,1,0,2012-12-11,61,14,3,27,16,12,16,1,2,0,2,5,0,0,0,0,0,0,0,48,3,1,88,5,0,716,2,-2.06374701300501,-1.3898917070169403
1501,1986,Master,Married,36274.08,0,0,2012-06-09,63,106,3,37,37,8,19,9,5,0,4,6,0,0,0,0,0,0,0,29,2,0,210,18,0,901,1,-2.0766145033530936,1.7940778919578735
1502,1989,PhD,Single,45982.17,2,1,2013-07-22,69,0,22,51,10,31,18,7,6,0,3,10,0,0,0,0,0,0,0,26,4,3,132,16,0,493,1,-2.498079353658243,2.215567945809452
1503,1988,Basic,Single,36859.11,1,1,2014-08-19,53,41,10,44,10,1,15,2,0,0,3,6,0,0,0,0,0,0,0,27,3,2,121,5,0,100,2,-1.6952618611070767,-1.309552382518419
1504,1982,Master,Married,83096.06,1,0,2013-12-11,57,338,118,370,71,115,134,0,8,4,7,1,1,0,0,0,0,0,0,33,3,1,1146,19,1,351,0,2.379642846240267,0.05119310365884957
1505,1992,Basic,Married,36092.29,0,0,2014-09-13,55,7,5,23,0,17,25,2,3,0,3,4,0,0,0,0,0,0,0,23,2,0,77,8,0,75,2,-1.440336549276661,-0.8714317189875797
1506,1978,Graduation,Married,78254.79,1,0,2013-11-01,45,837,29,356,100,65,89,0,3,4,4,3,0,0,1,0,0,0,0,37,3,1,1476,11,1,391,0,1.997536733406452,-0.8033921690407921
1507,1987,Graduation,Widow,51933.28,1,0,2013-11-22,5,168,2,0,0,15,9,5,3,2,6,7,0,0,0,0,0,0,1,28,2,1,194,16,1,370,3,-0.25931766741629564,0.8692714894645017
1508,2000,Graduation,Single,55916.96,0,1,2012-05-30,34,144,1,67,0,25,17,5,6,0,2,5,0,0,0,0,0,0,0,15,2,1,254,13,0,911,1,-1.0023362424717024,1.1951921545603617
1509,1981,Master,Divorced,42743.0,1,1,2014-10-20,88,192,0,101,15,8,28,7,6,0,5,5,0,1,0,0,0,0,1,34,3,2,344,18,2,38,1,-1.7078867869075371,1.279838207437775
1510,1966,Master,Together,89775.65,1,0,2012-06-27,43,491,86,385,127,13,122,3,3,1,8,3,0,0,1,1,0,0,1,49,3,1,1224,15,3,883,3,1.7745971993193508,-0.11081826924897885
1511,1982,Master,Widow,37031.61,1,1,2014-02-26,34,176,8,114,13,16,10,7,4,0,3,6,0,0,0,0,0,0,0,33,3,2,337,14,0,274,1,-1.5308334551676004,1.2143614167114718
1512,1986,2n Cycle,Together,52378.4,0,0,2012-10-02,37,151,7,99,20,6,0,4,8,0,4,5,0,0,0,0,0,0,1,29,2,0,283,16,1,786,1,-0.7051748853653435,1.3868519028053385
1513,1958,2n Cycle,Married,39556.76,1,1,2012-06-07,64,47,2,17,18,2,10,0,2,0,2,4,0,0,0,0,0,0,0,57,4,2,96,4,0,903,2,-1.459902768384133,-1.6709614061440108
1514,1981,Basic,Married,14836.9,2,1,2014-09-25,29,45,2,36,21,11,13,0,3,0,1,0,1,0,0,0,0,0,0,34,5,3,128,4,1,63,2,-1.0318335032361179,-2.024997396685819
1515,1979,Graduation,Divorced,65707.26,0,2,2012-05-30,31,143,31,0,22,0,55,3,4,0,9,7,0,0,0,0,0,0,0,36,3,2,251,16,0,911,3,-0.04194848913899752,0.4584110857209782
1516,1964,2n Cycle,Divorced,18759.73,1,0,2014-09-23,23,16,6,28,21,6,2,0,2,1,0,6,0,0,0,0,0,0,0,51,2,1,79,3,0,65,2,-1.6940176070156596,-1.2117253779515647
1517,1980,Basic,Single,34208.49,1,1,2012-06-20,71,48,0,59,12,2,16,0,2,1,3,4,0,0,0,0,0,0,0,35,3,2,137,6,0,890,2,-1.334898488926219,-1.7268195506471307
1518,1983,Graduation,Single,39091.76,2,1,2012-07-13,8,88,0,116,25,36,1,2,5,1,0,7,0,0,0,0,0,0,0,32,4,3,266,8,0,867,1,-1.110907935965143,0.546726242599733
1519,1965,Graduation,Together,58466.36,0,0,2013-06-03,20,701,94,489,100,74,97,2,1,6,8,2,1,0,0,0,1,0,0,50,2,0,1555,17,2,542,0,2.7547596786740747,-0.9450419931814117
1520,1961,PhD,Married,66167.37,1,0,2014-09-06,38,256,20,209,18,36,40,0,0,0,8,4,0,1,0,0,0,0,0,54,3,1,579,8,1,82,3,0.604557873662526,-1.8350001852164626
1521,1974,PhD,Together,40994.97,2,0,2013-07-28,35,97,10,4,41,26,27,4,7,0,2,6,0,0,0,0,0,0,0,41,4,2,205,13,0,487,1,-1.3939950279246813,1.2233750703905968
1522,1957,Master,Together,71931.38,0,0,2012-08-18,16,744,94,465,85,64,105,2,0,6,9,3,0,0,0,1,0,0,0,58,2,0,1557,17,1,831,0,3.0543812247610673,-0.9308693667360997
1523,1971,Master,Together,39466.91,1,0,2014-08-24,62,32,4,43,13,7,9,0,2,1,0,6,0,0,0,0,0,0,0,44,3,1,108,3,0,95,2,-1.771055402246927,-1.2720267636416762
1524,1974,2n Cycle,Single,30433.86,0,0,2012-08-04,69,18,9,12,12,4,8,1,0,1,2,5,0,0,0,0,0,0,0,41,1,0,63,4,0,845,2,-1.8463895551782685,-1.8420333003226679
1525,1955,PhD,Divorced,46580.11,1,1,2014-04-09,37,291,46,226,64,8,35,0,1,2,6,3,0,1,0,0,0,0,0,60,3,2,670,9,1,232,3,0.5432149970507951,-1.7695524960383744
1526,1965,Master,Divorced,62425.46,0,0,2014-11-08,27,382,57,0,18,21,62,5,2,2,8,3,0,0,1,0,0,0,0,50,1,0,540,17,1,19,3,0.7441209010869129,-0.05317045845145331
1527,1959,Master,Together,51316.47,0,0,2013-10-08,21,303,37,174,41,15,77,4,1,1,6,6,1,0,0,0,1,0,1,56,2,0,647,12,3,415,3,-0.052686045058480055,-0.13288801621502233
1528,1990,Graduation,Married,30133.03,0,1,2013-08-10,49,0,10,16,22,6,20,2,0,0,3,6,0,1,0,0,0,0,0,25,3,1,74,5,1,474,2,-1.824407611241308,-1.3472526212026528
1529,1985,2n Cycle,Single,22775.23,0,0,2014-06-21,47,134,16,79,27,19,6,8,4,1,4,5,0,0,0,0,0,0,0,30,1,0,281,17,0,159,1,-1.7138502261517616,1.1393362233324376
1530,1962,Master,Together,56562.81,0,1,2012-08-30,32,295,27,197,42,15,60,2,2,1,8,6,0,0,0,0,0,0,0,53,3,1,636,13,0,819,3,0.3333600905221263,-0.4534194948570753
1531,1980,Master,Married,52627.8,0,0,2013-03-31,8,121,17,33,29,23,47,5,7,2,4,4,0,0,0,0,0,0,1,35,2,0,270,18,1,606,1,0.03630903969769743,1.4635794211014965
1532,1990,Graduation,Together,40715.79,2,0,2013-09-16,56,13,15,82,38,14,14,6,8,1,2,8,0,0,0,0,0,0,0,25,4,2,176,17,0,437,1,-1.9496496559951701,2.2426108178435595
1533,1976,Master,Married,58636.9,1,0,2013-02-24,47,354,36,45,41,15,56,0,1,1,3,4,0,0,1,0,0,0,0,39,3,1,547,5,1,641,2,-0.1360740309713645,-1.5847524043528356
1534,1986,Graduation,Married,42184.93,0,0,2014-09-06,22,58,22,62,0,38,26,4,6,2,5,9,0,0,0,0,0,0,0,29,2,0,206,17,0,82,1,-0.9086585720678637,1.5563935662915593
1535,1969,PhD,Divorced,74200.24,1,0,2013-06-18,5,487,69,496,107,16,108,2,3,6,8,3,1,0,0,0,0,0,0,46,2,1,1283,19,1,527,0,2.9365116440097725,-0.09647167277496087
1536,1982,Basic,Married,36539.19,1,0,2013-07-12,57,151,21,77,39,2,34,5,7,0,2,5,0,0,0,0,0,0,0,33,3,1,324,14,0,503,1,-1.6186119283125093,1.1843545735151875
1537,1966,2n Cycle,Married,63252.57,0,0,2012-08-11,29,327,55,280,83,0,69,2,4,1,8,3,0,0,1,0,0,0,0,49,2,0,814,15,1,838,3,1.1307113660241987,-0.312287195702688
1538,1992,Graduation,Single,38066.06,2,0,2012-10-11,64,67,2,170,23,9,19,7,8,1,1,8,0,0,0,0,0,0,0,23,3,2,290,17,0,777,1,-2.208604233090987,2.474539243699142
1539,1959,Graduation,Single,28606.62,1,0,2012-10-21,47,20,13,21,0,15,25,1,0,0,6,3,0,0,0,0,0,0,0,56,2,1,94,7,0,767,2,-0.9573758708786804,-2.136768582938541
1540,1975,Graduation,Single,41996.78,0,2,2012-08-30,35,159,61,156,28,40,45,2,2,3,8,2,0,0,0,0,0,0,0,40,3,2,489,15,0,819,3,0.7095913905374317,-1.1909073607783043
1541,1950,Graduation,Married,54610.62,0,2,2014-05-19,61,285,36,292,36,20,27,1,4,3,7,4,0,0,0,0,0,0,0,65,4,2,696,15,0,192,3,0.5600277464323247,-0.60885356927428
1542,1954,2n Cycle,Widow,36080.4,0,0,2014-06-22,99,32,9,17,13,1,38,3,3,1,4,8,0,0,0,0,0,0,1,61,1,0,110,11,1,158,2,-2.3256723838417814,-0.19093427252273656
1543,1973,Master,Single,76528.46,0,1,2014-05-26,12,339,66,468,72,49,131,0,5,4,11,2,1,0,0,0,0,0,1,42,2,1,1125,20,2,185,0,3.1262744808660354,-0.4238952660632327
1544,1962,PhD,Together,80759.13,0,1,2013-04-02,42,640,109,364,121,87,76,0,3,5,8,5,0,1,0,0,1,0,0,53,3,1,1397,16,2,604,0,2.4134114648515137,-0.4800978855788081
1545,1972,Graduation,Married,26209.48,0,0,2013-07-12,67,30,10,0,0,0,11,1,1,0,1,8,0,0,0,0,0,0,0,43,2,0,51,3,0,503,2,-2.5776776746697516,-1.1372404759904338
1546,1984,Graduation,Married,23579.37,0,1,2014-01-06,26,58,4,62,5,1,22,1,1,0,3,2,0,0,0,0,0,0,0,31,3,1,152,5,0,325,2,-0.9357617717976412,-1.8998577449184535
1547,1965,PhD,Married,83644.8,1,0,2012-06-28,50,960,57,333,106,86,97,1,5,7,6,1,0,1,0,1,0,0,0,50,3,1,1639,19,2,882,0,3.1765515004139444,-0.22259768453948273
1548,1976,Graduation,Single,48218.2,1,0,2013-10-05,70,60,11,22,20,0,22,0,1,0,2,7,0,0,0,0,0,0,0,39,2,1,135,3,0,418,2,-1.7473097150265104,-1.4082434940027933
1549,1980,Graduation,Together,95982.51,1,0,2014-05-11,20,836,89,275,99,19,129,3,8,0,12,2,0,0,1,0,1,0,0,35,3,1,1447,23,2,200,0,3.0238732244003264,1.1713772382923122
1550,1963,Graduation,Together,83702.17,1,1,2013-01-15,30,554,34,526,99,37,116,3,4,10,13,3,0,0,0,1,0,0,1,52,4,2,1366,30,2,681,0,4.100705852678551,0.43767792390397825
1551,1940,PhD,Together,52848.64,1,0,2014-02-26,5,408,84,407,52,53,107,3,7,5,8,4,1,0,0,1,0,0,0,75,3,1,1111,23,2,274,0,2.0552324446501538,1.1481180955733084
1552,2000,Master,Married,48964.34,1,0,2014-05-11,61,134,25,42,15,45,27,6,5,0,3,10,0,0,0,1,0,0,0,15,3,1,288,14,1,200,1,-2.120805045393286,1.7863783419959411
1553,1974,Graduation,Together,53521.92,2,0,2013-10-28,45,41,0,22,17,19,0,4,4,0,4,7,0,0,0,0,0,0,0,41,4,2,99,12,0,395,1,-1.3348151172372809,0.5901336005962299
1554,1969,Basic,Married,40408.52,2,1,2014-07-29,30,56,5,21,0,9,16,0,2,0,2,7,0,0,0,0,0,0,0,46,5,3,107,4,0,121,2,-1.3657423347187108,-0.9786020163575035
1555,1977,Master,Together,24605.91,1,1,2013-03-13,49,165,24,26,0,31,30,5,4,3,5,7,0,0,0,0,0,0,0,38,4,2,276,17,0,624,1,-1.2716922992892885,0.7238631983391439
1556,1977,Graduation,Married,96344.54,0,0,2014-10-22,41,759,63,465,107,75,132,2,4,4,4,3,1,0,1,0,0,0,0,38,2,0,1601,14,2,36,0,2.4059881835214045,0.17562265421633697
1557,1982,PhD,Single,33882.96,2,1,2014-11-15,28,172,11,82,0,5,18,6,7,1,2,10,0,0,1,0,0,0,0,33,4,3,288,16,1,12,1,-1.8902281092265343,2.433701188239478
1558,1962,Graduation,Married,97484.42,0,0,2013-03-30,33,768,114,273,145,89,138,0,7,5,5,2,1,0,0,1,0,0,1,53,2,0,1527,17,3,607,0,3.1283119200052902,0.33354510948676436
1559,1970,PhD,Together,90046.83,0,0,2014-08-07,26,486,13,221,69,71,107,0,7,4,9,5,0,0,0,1,0,0,0,45,2,0,967,20,1,112,0,2.465907742022965,0.6106595257069535
1560,1991,Master,Married,37359.86,1,1,2012-12-23,66,139,3,77,0,15,29,3,5,1,5,7,0,0,0,0,0,0,0,24,4,2,263,14,0,704,1,-1.395114318915947,0.3877431636656814
1561,1947,Master,Married,49112.11,1,1,2014-07-13,26,316,33,55,46,0,34,1,2,3,10,4,0,0,0,0,0,0,1,68,4,2,484,16,1,137,3,1.0402764588188103,-1.0532155524619744
1562,1991,Master,Married,44000.29,1,0,2014-05-17,65,132,0,88,0,27,58,2,6,0,4,7,0,0,0,1,0,0,0,24,3,1,305,12,1,194,1,-1.3873423817085009,0.43129635327674076
1563,2000,Master,Married,64759.36,1,0,2013-01-16,52,62,1,166,20,11,31,0,5,0,3,8,0,0,0,0,0,0,0,15,3,1,291,8,0,680,2,-0.9174299236597543,0.05130713635935243
1564,1965,PhD,Married,82841.35,0,0,2013-08-18,50,720,41,573,90,65,111,2,3,8,9,3,0,1,0,1,0,0,0,50,2,0,1600,22,2,466,0,3.2650536333456306,-0.18143226608119795
1565,1971,Master,Married,50439.28,1,2,2012-12-06,70,169,44,216,56,20,29,2,2,0,8,2,0,0,0,0,0,0,0,44,5,3,534,12,0,721,3,-0.044759880116187006,-1.422170417133193
1566,1981,Graduation,Single,29546.01,1,0,2014-09-27,80,92,37,49,24,0,29,7,2,1,2,6,0,0,0,0,0,0,0,34,2,1,231,12,0,61,1,-2.4224781814539327,0.39163800818781047
1567,1961,Master,Together,71412.26,1,1,2014-08-25,9,543,57,510,78,53,67,1,5,8,10,2,0,1,1,0,0,0,1,54,4,2,1308,24,3,94,0,3.6939883912193703,0.00018054127002095462
1568,1974,Graduation,Single,40583.94,1,1,2014-02-08,55,113,23,9,33,0,28,3,8,0,0,7,0,0,0,0,0,0,0,41,3,2,206,11,0,292,1,-1.9472199152969678,1.2916991611217625
1569,1967,2n Cycle,Married,90979.83,0,1,2013-04-16,37,655,77,232,65,70,92,0,5,4,10,4,0,1,1,1,0,0,1,48,3,1,1191,19,4,590,0,2.7584095487215574,-0.10701195055008855
1570,1984,Graduation,Married,46454.44,0,0,2013-12-03,67,155,16,53,28,2,22,7,3,1,0,7,0,0,0,0,0,0,1,31,2,0,276,11,1,359,1,-2.2114823756716175,1.060526298002822
1571,1967,2n Cycle,Single,63834.35,0,1,2013-03-25,45,921,63,394,141,28,89,3,3,9,9,5,1,1,0,0,0,0,1,48,2,1,1636,24,3,612,0,2.797805624953895,0.3274750165894378
1572,1959,2n Cycle,Divorced,27570.42,1,0,2013-01-01,78,41,12,10,3,9,0,4,3,0,0,5,0,0,0,0,0,0,0,56,2,1,75,7,0,695,2,-2.599072791039142,-0.33872624778299587
1573,1989,PhD,Together,47922.38,0,1,2014-10-01,44,150,2,120,22,17,32,1,5,2,2,4,0,0,0,0,0,0,1,26,3,1,343,10,1,57,2,-0.45190563329945627,-0.32524617864655725
1574,1989,Graduation,Divorced,40744.13,0,1,2014-02-26,43,59,6,37,8,19,14,0,3,1,3,6,0,0,0,0,0,0,0,26,2,1,143,7,0,274,2,-1.0530789722232277,-0.9252638104647851
1575,1994,Graduation,Together,44768.9,1,0,2014-08-02,48,145,0,122,5,18,42,4,6,1,4,7,0,0,0,0,0,0,0,21,3,1,332,15,0,117,1,-1.1127849157949428,1.1044063723659718
1576,1963,Master,Single,96876.84,0,0,2012-08-20,28,603,54,546,133,92,134,2,4,8,8,2,1,0,0,0,0,0,0,52,1,0,1562,22,1,829,0,3.847503454236162,0.1647861770644463
1577,1962,2n Cycle,Married,53835.18,0,2,2014-02-25,29,248,46,158,73,27,70,6,4,2,7,6,0,0,0,0,0,0,0,53,4,2,622,19,0,275,3,0.06915304784017896,1.171781554833568
1578,1964,Graduation,Together,48002.7,0,1,2014-10-06,12,292,15,281,12,35,20,1,1,4,9,3,0,0,0,0,0,0,0,51,3,1,655,15,0,52,3,1.5203502634825012,-1.3258669525222033
1579,1989,Basic,Married,48218.2,1,0,2014-02-18,27,49,10,62,23,1,5,1,1,1,4,5,0,0,0,0,0,0,0,26,3,1,150,7,0,282,2,-0.5519063978031169,-1.2083987410677681
1580,1961,Graduation,Widow,83757.41,1,1,2014-04-30,31,612,73,570,57,25,104,1,7,9,11,1,0,0,1,1,0,0,0,54,3,2,1441,28,2,211,0,4.2502351881929386,0.3747534383655037
1581,1973,2n Cycle,Together,26388.37,1,0,2014-07-02,70,0,8,32,0,8,0,3,1,0,2,4,0,0,0,0,0,0,0,42,3,1,48,6,0,148,2,-2.1287388950783983,-1.2859498951306139
1582,1969,Graduation,Divorced,28499.67,2,1,2014-09-09,96,1,0,64,15,0,6,2,0,0,3,6,0,0,0,1,0,0,1,46,4,3,86,5,2,79,2,-2.4846305138504836,-1.6320548930630714
1583,1977,Graduation,Together,41486.62,0,0,2014-10-22,60,102,8,126,16,11,50,4,9,1,1,6,0,0,0,0,0,0,0,38,2,0,313,15,0,36,1,-1.527185160156904,1.6735267956361763
1584,1983,Graduation,Divorced,41667.32,1,1,2013-07-14,61,239,5,0,13,6,10,4,7,2,3,9,0,0,0,0,0,0,0,32,3,2,273,16,0,501,1,-1.607972191942318,1.6277428625802095
1585,1965,Graduation,Single,47205.77,0,2,2013-07-16,25,243,23,208,8,5,0,5,4,4,5,6,0,1,0,0,0,0,1,50,3,2,487,18,2,499,3,0.01938691208208905,0.9503731950467358
1586,1985,2n Cycle,Together,22664.45,1,1,2012-07-02,50,118,13,72,0,15,35,3,3,0,3,8,0,0,0,0,0,0,0,30,4,2,253,9,0,878,2,-2.0865281880403614,-0.003963583351013132
1587,1985,PhD,Divorced,18783.07,1,1,2013-03-16,47,18,0,23,17,6,26,0,4,0,4,6,0,0,0,0,0,0,0,30,3,2,90,8,0,621,2,-1.6240008836537156,-0.9154664315573583
1588,1973,PhD,Married,59633.72,1,1,2013-10-02,25,286,58,248,81,46,45,3,2,3,10,5,0,0,0,0,0,0,0,42,4,2,764,18,0,421,3,1.245637212142494,-0.2238026138404238
1589,1984,2n Cycle,Married,29031.43,1,0,2014-10-06,62,34,10,35,5,10,0,0,3,0,1,4,0,0,0,0,0,0,0,31,3,1,94,4,0,52,2,-1.7496812385879237,-1.4653363645454405
1590,1986,Graduation,Single,55340.52,2,0,2013-08-08,68,46,7,38,26,10,12,6,6,2,2,7,0,0,0,0,0,0,0,29,3,2,139,16,0,476,1,-1.6025971996989328,1.6275138823641888
1591,1960,Master,Single,60091.79,0,1,2013-08-27,12,295,44,79,62,51,41,4,2,1,3,7,0,0,0,0,0,0,1,55,2,1,572,10,1,457,3,-0.30387308667790464,0.44181152412017394
1592,1974,2n Cycle,Married,95950.08,1,0,2013-04-04,64,753,81,206,71,20,90,3,9,6,3,5,1,1,0,0,0,0,1,41,3,1,1221,21,3,602,0,1.7048836206700162,1.9524604154444887
1593,1984,2n Cycle,Together,49418.83,1,1,2013-02-20,77,84,20,74,0,0,0,5,4,1,0,5,0,0,1,0,0,0,0,31,4,2,178,10,1,645,1,-1.9286483137897483,0.41731061304947836
1594,1970,PhD,Married,48218.2,1,0,2014-07-12,62,275,61,51,78,0,52,2,0,4,8,4,0,0,0,0,0,0,0,45,3,1,517,14,0,138,3,0.34787427803296617,-1.4622316374716677
1595,1968,Graduation,Single,40752.56,2,0,2013-09-20,48,20,0,48,6,12,0,0,1,0,1,6,0,0,0,0,0,0,0,47,3,2,86,2,0,433,2,-1.6419015328189255,-1.4946355946890313
1596,1973,PhD,Single,106205.4,0,1,2014-02-23,35,560,63,440,107,58,173,1,7,7,7,5,1,0,1,1,1,0,0,42,2,1,1401,22,4,277,0,3.260217396066721,1.1566112477202455
1597,1974,PhD,Widow,97195.46,0,0,2012-06-07,18,671,50,405,77,9,97,0,5,5,10,4,1,0,0,0,0,0,1,41,1,0,1309,20,2,903,0,3.423558186743163,0.1072989469169867
1598,1961,2n Cycle,Single,64894.22,1,0,2012-09-22,42,405,43,288,131,74,103,3,4,7,5,3,1,0,1,1,0,0,0,54,2,1,1044,19,3,796,0,1.7462015745126676,0.17569918072297255
1599,1982,Graduation,Divorced,42349.83,1,0,2012-11-26,74,91,25,111,0,0,45,4,6,2,4,6,0,0,0,0,0,0,0,33,2,1,272,16,0,731,1,-1.2765451399116767,0.7950120730798778
