ID,Year_Birth,Education,Marital_Status,Income,Kidhome,Teenhome,Dt_Customer,Recency,MntWines,MntFruits,MntMeatProducts,MntFishProducts,MntSweetProducts,MntGoldProds,NumDealsPurchases,NumWebPurchases,NumCatalogPurchases,NumStorePurchases,NumWebVisitsMonth,AcceptedCmp3,AcceptedCmp4,AcceptedCmp5,AcceptedCmp1,AcceptedCmp2,Complain,Response
1000,1962,PhD,Together,91182.32,1,0,23-11-2012,28,568,31,297,110,87,114,0,5,6,9,3,0,1,0,1,0,0,1
1001,1971,2n Cycle,Together,32486.62,0,1,02-08-2012,62,34,0,44,0,6,25,2,0,0,0,6,0,0,0,0,0,1,0
1002,1975,2n Cycle,Single,46007.23,0,0,13-09-2013,47,69,17,10,20,16,19,3,2,0,1,2,0,0,0,0,0,0,0
1003,1963,Master,Divorced,43183.38,0,0,15-06-2013,21,377,34,269,48,21,68,0,1,0,5,5,0,0,0,0,0,0,0
1004,1972,Graduation,Widow,29305.8,0,1,11-09-2013,59,14,0,44,13,0,1,1,3,0,2,2,0,0,0,0,0,0,0
1005,1946,Master,Divorced,57942.1,0,2,05-07-2014,46,414,21,164,51,13,25,1,0,3,5,4,0,0,0,0,0,0,0
1006,1961,Master,Married,68134.52,0,1,08-06-2013,14,271,57,266,69,40,74,2,4,2,11,3,0,0,0,0,1,0,0
1007,1965,PhD,Together,110777.35,1,0,23-05-2013,14,782,66,219,105,38,65,0,3,8,11,2,0,1,0,0,0,0,0
1008,1983,2n Cycle,Together,51279.32,0,0,23-02-2013,35,144,19,69,27,13,25,7,5,1,6,7,0,0,1,0,0,0,0
1009,1993,Graduation,Married,53378.76,2,0,11-03-2014,19,197,28,37,28,4,37,4,7,1,3,8,0,0,0,0,0,0,0
1010,1974,Graduation,Widow,57557.87,0,0,09-01-2014,24,383,22,128,25,33,14,2,1,2,5,2,0,0,1,0,0,0,0
1011,2000,Graduation,Together,24112.9,1,1,07-10-2014,51,0,1,47,9,1,0,1,2,1,3,5,0,0,0,0,0,0,0
1012,1981,Master,Divorced,37248.42,0,0,04-08-2013,62,57,0,42,24,40,18,2,10,1,3,5,0,0,0,0,0,0,0
1013,1954,Master,Married,81763.63,1,0,24-07-2012,1,987,86,504,97,71,164,2,6,6,8,4,1,0,1,0,0,0,1
1014,1985,Graduation,Divorced,38703.21,1,1,03-05-2013,0,141,8,108,5,12,36,5,8,0,1,7,0,0,0,0,0,0,0
1015,1987,Graduation,Divorced,29487.22,1,1,14-01-2014,21,47,0,52,13,9,16,1,0,0,1,7,0,0,0,0,0,0,0
1016,1964,Basic,Married,78921.92,0,1,19-10-2013,13,406,47,434,87,55,83,1,7,4,8,5,1,0,1,0,1,0,0
1017,1996,Master,Together,26622.33,1,0,03-09-2012,75,80,20,67,0,19,22,6,10,2,2,8,0,0,0,0,0,0,0
1018,1960,Graduation,Married,16830.4,0,0,14-09-2014,21,71,10,19,22,4,5,2,2,0,5,9,0,0,0,0,0,0,0
1019,1955,Master,Together,69570.67,0,1,20-07-2014,20,392,46,548,89,82,133,0,7,9,4,0,1,0,1,1,0,0,1
1020,1960,PhD,Married,57113.85,0,2,15-04-2014,41,244,22,149,56,32,65,5,4,2,3,2,0,0,0,1,0,0,1
1021,1988,PhD,Widow,33893.52,1,0,24-03-2013,97,22,2,52,9,4,33,2,2,0,3,6,0,0,0,0,0,0,0
1022,1993,Master,Single,47737.45,0,0,19-01-2014,64,119,6,44,13,25,46,1,6,1,7,4,0,0,1,0,0,0,0
1023,1970,Master,Together,43746.83,0,0,26-01-2014,29,352,17,112,44,56,55,1,1,3,9,3,1,0,1,0,0,0,1
1024,1955,Graduation,Single,27613.52,0,0,22-06-2014,66,28,0,1,19,4,36,1,0,1,2,2,0,0,0,0,0,0,0
1025,1971,Graduation,Single,69849.41,0,0,19-02-2013,21,421,52,428,33,38,107,0,3,4,5,4,0,1,0,1,0,1,1
1026,1962,Basic,Divorced,48243.7,1,1,25-07-2012,42,354,35,125,7,27,32,3,5,1,7,6,0,0,1,0,0,0,0
1027,1959,Master,Married,57265.73,0,1,16-03-2013,5,210,24,34,62,25,83,0,3,2,9,7,0,0,0,1,0,0,0
1028,1952,Master,Single,66080.25,0,2,27-08-2013,6,344,44,207,47,17,64,2,4,2,10,4,0,0,0,0,0,0,0
1029,1990,Graduation,Together,30466.23,1,0,30-12-2013,28,84,18,86,23,42,16,5,4,1,5,9,0,0,0,0,0,0,1
1030,1958,PhD,Married,,0,0,12-03-2014,42,720,102,548,141,82,120,0,8,7,8,2,0,1,0,0,0,0,1
1031,1981,2n Cycle,Married,44379.58,1,0,26-07-2014,15,114,0,30,0,38,42,9,11,3,5,11,0,0,0,0,0,0,0
1032,1975,PhD,Married,50699.87,1,1,23-02-2013,0,157,26,11,7,11,36,3,7,1,0,8,0,0,0,0,0,0,0
1033,1991,Graduation,Together,35429.57,1,0,04-06-2012,57,167,11,9,24,13,33,5,7,1,5,6,0,0,0,0,0,0,0
1034,1988,Graduation,Divorced,46895.11,2,1,07-06-2014,46,45,6,4,13,33,46,5,4,1,4,6,0,0,0,0,0,0,0
1035,1978,2n Cycle,Widow,32837.16,1,1,08-08-2012,47,15,14,38,5,0,2,0,3,0,3,6,1,0,0,0,0,0,0
1036,1974,Master,Single,58328.02,1,2,07-07-2012,40,347,43,50,80,18,47,0,1,1,5,6,0,0,0,0,0,0,0
1037,1981,Master,Single,48919.14,2,1,13-12-2012,52,92,21,169,30,0,10,7,7,3,3,6,0,0,1,1,0,0,0
1038,1962,2n Cycle,Single,66874.01,1,1,31-10-2012,36,377,49,136,24,10,52,0,1,4,6,3,0,0,0,0,0,0,1
1039,1981,PhD,Married,28548.56,2,1,05-01-2013,30,62,11,15,16,21,26,1,4,2,1,8,0,0,0,0,0,0,1
1040,1985,Graduation,Together,29733.74,0,0,24-07-2014,22,115,16,124,10,15,20,6,3,1,3,7,0,0,0,0,0,0,1
1041,1970,Basic,Divorced,56328.56,0,1,30-03-2014,42,146,48,95,16,18,8,7,10,1,1,6,0,0,1,0,0,0,0
1042,1953,PhD,Married,38326.02,1,1,22-07-2014,0,315,10,122,95,20,39,4,2,0,10,4,0,0,0,0,0,0,0
1043,1981,2n Cycle,Together,40423.65,1,0,26-05-2012,51,68,14,0,14,42,32,4,5,1,2,10,1,0,0,0,0,0,0
1044,1991,2n Cycle,Widow,40013.14,1,0,15-01-2013,64,112,13,95,38,14,0,3,6,0,4,5,0,0,0,0,0,0,0
1045,1963,Basic,Divorced,57890.45,1,0,13-08-2012,30,315,20,259,45,6,17,5,4,2,8,1,0,0,0,0,0,0,0
1046,1985,Master,Widow,54949.51,0,1,25-05-2013,30,50,0,122,19,15,0,0,6,2,5,6,0,0,0,0,0,0,1
1047,1964,PhD,Married,21320.25,0,0,28-11-2013,75,22,7,19,5,10,19,0,2,0,2,5,0,0,0,0,0,0,0
1048,1959,Graduation,Widow,73770.39,1,0,14-10-2013,48,312,61,352,103,62,115,1,9,5,8,0,0,1,0,1,0,0,0
1049,1970,2n Cycle,Single,50876.95,0,2,12-02-2014,37,349,1,85,15,34,130,2,2,2,9,5,0,0,0,1,0,0,0
1050,1987,Basic,Married,56478.42,1,1,09-09-2012,93,154,4,0,28,41,42,5,3,1,2,7,0,0,0,0,0,0,0
1051,1999,Graduation,Married,51228.46,1,0,21-01-2013,27,11,20,79,16,19,62,5,5,2,0,9,0,1,0,0,0,0,0
1052,1957,PhD,Together,56098.37,0,2,21-09-2014,48,73,55,210,66,33,111,2,3,3,9,5,0,0,0,0,1,0,0
1053,1974,2n Cycle,Married,52976.3,1,1,24-04-2013,47,181,49,285,65,19,55,0,3,1,4,7,0,0,1,1,1,0,0
1054,1986,2n Cycle,Single,60819.92,0,1,16-07-2013,55,108,18,128,18,5,5,4,6,0,2,8,0,0,0,0,0,0,0
1055,1961,Graduation,Married,69140.91,0,1,28-07-2013,32,531,63,578,84,68,29,2,6,10,1,3,0,1,0,1,1,0,1
1056,1958,PhD,Divorced,77138.34,1,0,26-10-2013,31,668,63,378,112,48,100,0,2,4,10,3,0,1,0,0,1,0,1
1057,1967,PhD,Divorced,58329.38,0,2,16-11-2012,16,253,27,169,24,35,30,5,3,0,7,0,0,0,0,0,0,0,0
1058,1955,Graduation,Widow,61222.62,0,1,16-11-2013,59,250,8,248,52,37,54,4,4,0,4,4,1,0,0,1,0,0,1
1059,1953,Master,Married,67702.72,0,2,04-03-2014,12,259,32,298,23,33,1,0,1,1,8,5,0,0,0,0,1,0,0
1060,1988,2n Cycle,Single,23677.27,2,1,19-10-2014,54,45,5,38,19,10,9,0,2,1,2,9,0,0,0,0,0,0,0
1061,1966,Master,Widow,62168.36,0,1,10-04-2014,49,222,22,74,58,40,50,3,0,3,3,3,0,0,0,0,0,0,0
1062,1956,Graduation,Married,86044.04,0,0,02-03-2014,5,723,78,667,109,18,54,2,4,4,10,4,1,0,0,1,0,0,0
1063,1982,Graduation,Married,38175.19,1,0,01-09-2013,36,106,45,74,22,22,21,3,8,2,0,7,0,0,0,0,0,0,0
1064,1966,Graduation,Widow,63141.23,1,0,13-07-2013,24,244,36,209,27,48,71,3,2,2,10,3,0,1,0,0,1,0,0
1065,1977,2n Cycle,Married,48033.79,0,0,30-07-2013,57,125,10,9,2,15,10,6,7,0,3,8,0,0,0,0,0,0,1
1066,1972,Graduation,Single,13625.6,0,1,07-06-2013,74,44,0,15,0,10,29,0,2,0,6,0,0,0,0,0,0,0,0
1067,1960,2n Cycle,Single,30284.59,0,1,10-05-2013,40,29,6,42,13,5,8,1,2,0,5,6,0,0,0,0,0,0,0
1068,1952,PhD,Together,40402.57,2,0,22-07-2014,63,37,0,46,9,0,33,1,3,0,0,4,0,0,0,0,0,0,0
1069,1988,Basic,Single,17068.38,0,0,17-12-2013,26,120,19,66,42,18,20,5,4,1,1,6,0,0,0,0,0,0,0
1070,1982,Master,Single,20965.26,1,0,31-05-2012,65,28,11,47,7,12,3,0,2,0,5,9,0,0,0,0,0,0,0
1071,1984,Graduation,Married,89881.54,0,0,04-02-2013,41,429,76,152,58,27,102,2,6,2,11,2,1,1,1,0,0,0,0
1072,1989,PhD,Divorced,51234.45,0,1,28-06-2014,28,198,1,69,22,0,39,4,7,0,0,7,0,0,1,0,0,0,0
1073,1981,PhD,Married,30887.11,1,1,03-02-2014,58,133,12,16,36,14,28,6,6,0,4,6,0,0,0,1,0,0,0
1074,1970,Graduation,Divorced,53852.31,0,0,05-08-2013,54,295,21,160,37,3,35,1,2,3,8,3,0,0,0,0,0,0,0
1075,1977,Graduation,Single,42312.95,1,1,22-09-2013,76,221,46,82,16,7,21,3,9,2,4,3,1,0,0,0,0,0,0
1076,1980,Master,Together,94197.36,0,0,23-01-2013,16,686,14,382,0,51,153,2,8,7,8,3,1,0,0,0,0,0,0
1077,1988,Graduation,Single,61132.9,0,0,11-04-2013,50,83,22,88,28,0,26,0,5,2,3,8,0,0,0,0,0,0,0
1078,1983,Master,Together,39104.45,0,0,22-11-2013,27,60,37,103,22,0,27,3,8,0,0,6,0,0,0,0,0,0,0
1079,1998,Master,Married,51692.42,1,0,20-08-2013,58,102,0,85,21,1,28,6,4,2,4,9,0,0,0,0,0,0,1
1080,1961,PhD,Divorced,69482.35,0,0,07-05-2014,16,539,75,559,82,66,83,3,8,6,6,6,1,0,0,1,0,0,0
1081,1979,Master,Divorced,60125.14,2,0,29-06-2013,13,116,4,130,21,24,30,4,11,0,2,7,0,0,0,0,0,0,0
1082,1989,PhD,Single,41175.08,1,1,25-05-2013,56,0,7,20,34,6,59,5,3,0,3,4,1,0,0,0,0,0,0
1083,1963,Graduation,Single,32147.01,2,0,13-01-2014,52,53,13,11,0,5,3,2,3,1,3,6,0,0,0,0,0,0,0
1084,1959,2n Cycle,Widow,36595.07,1,0,17-11-2013,82,55,0,45,18,5,12,0,2,0,2,2,0,0,0,0,0,0,0
1085,1952,Graduation,Married,54695.82,0,0,01-01-2014,41,183,62,210,0,46,63,3,2,2,6,4,0,0,0,0,0,0,0
1086,1976,2n Cycle,Single,30155.63,0,1,12-04-2013,57,44,23,69,3,25,26,5,5,0,4,4,0,0,0,0,0,0,0
1087,1995,PhD,Together,23082.22,0,1,13-01-2013,56,9,8,15,5,7,9,1,0,1,3,4,0,0,0,0,0,0,0
1088,1985,Graduation,Together,34318.2,0,1,07-04-2013,48,55,0,17,15,7,24,0,3,0,5,7,0,0,0,0,0,1,0
1089,1960,Master,Married,66757.6,0,1,12-12-2012,44,302,29,210,60,37,67,2,1,1,11,3,0,0,0,0,0,0,1
1090,1974,Basic,Single,39052.31,2,1,09-11-2014,78,40,8,86,17,17,0,0,3,0,3,7,0,0,1,0,0,0,0
1091,1948,Graduation,Single,28874.98,2,0,15-10-2014,99,31,14,31,3,0,27,1,1,2,3,5,0,0,0,0,0,0,0
1092,1962,Graduation,Married,79304.24,0,1,29-10-2012,59,654,40,452,4,108,125,2,6,5,8,2,0,1,0,0,1,0,0
1093,1974,Graduation,Divorced,28122.55,1,1,13-04-2014,22,20,0,28,0,15,17,2,1,2,4,4,0,0,0,0,0,0,0
1094,1991,Graduation,Together,40139.66,1,1,02-11-2014,69,62,33,77,35,10,12,4,9,0,3,9,0,0,0,0,0,0,0
1095,1985,Graduation,Together,42366.14,1,0,24-05-2014,38,87,24,62,9,19,1,5,8,1,0,9,0,0,0,0,0,0,0
1096,1958,Basic,Single,31500.75,0,0,03-07-2012,15,63,0,71,0,0,3,1,2,0,4,2,0,0,0,0,0,0,0
1097,1958,2n Cycle,Together,49404.43,1,2,26-11-2013,26,56,18,210,70,0,32,1,2,4,5,4,0,0,0,1,0,0,0
1098,1968,2n Cycle,Married,108617.18,1,0,12-12-2012,33,589,81,526,50,43,166,0,5,3,11,2,0,1,1,0,0,0,0
1099,1971,Master,Divorced,45009.9,1,2,24-09-2012,44,410,27,85,88,26,74,3,3,3,7,5,0,0,0,0,0,0,0
1100,1967,Master,Together,87039.36,1,0,28-11-2012,52,622,106,336,100,71,60,2,4,8,6,0,0,1,0,0,0,0,0
1101,1978,Master,Married,40073.08,1,1,02-10-2014,42,118,41,90,23,22,15,4,6,1,6,5,0,0,0,0,0,0,1
1102,1973,Basic,Divorced,32562.94,1,1,18-04-2013,14,5,12,1,6,16,13,2,1,1,6,5,0,0,0,0,0,0,1
1103,1977,2n Cycle,Single,52691.05,0,1,21-01-2013,45,119,19,80,23,14,41,2,6,2,1,7,1,0,0,0,0,0,0
1104,1950,Master,Married,79359.43,1,2,23-10-2014,0,292,20,217,44,22,95,3,1,2,1,3,0,0,0,0,0,0,0
1105,1962,Graduation,Divorced,65211.64,0,0,21-01-2014,14,218,39,138,0,14,37,4,4,2,7,2,0,0,1,0,0,0,0
1106,1984,Master,Widow,33959.94,0,0,07-09-2014,30,89,1,35,2,11,4,0,1,0,1,3,0,0,0,0,0,0,0
1107,1965,Master,Divorced,59234.22,0,1,29-09-2014,26,413,5,102,7,28,50,0,1,3,11,5,0,0,0,1,0,0,0
1108,1978,Graduation,Married,111259.73,1,0,14-02-2013,9,613,67,381,113,39,85,0,8,9,11,2,0,0,0,0,1,1,1
1109,1982,Graduation,Married,39856.06,1,1,16-11-2014,35,30,7,124,29,10,33,6,9,0,5,8,0,0,0,0,0,0,0
1110,1988,Graduation,Divorced,28909.34,1,1,17-07-2013,13,187,12,86,0,20,43,7,2,0,3,7,0,0,0,0,0,0,0
1111,1958,PhD,Together,87629.54,0,1,18-02-2013,41,828,43,361,77,102,63,1,7,5,10,3,1,0,0,0,0,0,1
1112,1965,Graduation,Married,42419.89,1,1,12-11-2013,26,138,27,187,28,17,68,2,2,3,7,3,0,0,1,0,0,0,0
1113,1955,Graduation,Divorced,67408.46,1,2,27-07-2012,34,295,43,194,36,48,0,0,3,2,5,4,0,0,0,1,0,0,0
1114,1952,Basic,Together,24218.77,1,0,04-07-2013,52,2,5,10,10,14,5,1,0,0,2,7,0,0,0,0,0,0,0
1115,1958,Graduation,Married,19576.04,1,1,20-02-2013,99,36,1,28,17,1,24,3,2,0,5,4,0,0,0,0,0,0,0
1116,1974,PhD,Together,72774.91,0,0,15-10-2012,4,631,41,432,109,106,87,3,5,7,10,3,0,0,0,0,0,0,0
1117,1981,Graduation,Together,42645.46,0,0,08-04-2013,70,8,13,105,2,3,7,1,8,0,1,6,0,0,1,0,0,0,1
1118,1961,PhD,Married,52393.64,0,0,19-09-2014,44,188,37,227,42,26,65,1,3,0,6,6,1,0,0,0,0,0,0
1119,1974,PhD,Married,89963.62,0,1,28-11-2012,27,656,64,472,26,51,31,3,4,11,9,3,0,0,1,0,0,0,0
1120,1982,2n Cycle,Divorced,57512.12,2,1,22-05-2014,88,30,11,75,39,15,39,3,9,1,1,5,0,0,0,0,0,0,0
1121,1975,Graduation,Married,54259.7,0,1,18-10-2014,44,321,17,40,62,46,64,3,5,2,10,4,0,0,0,0,0,0,0
1122,1975,Master,Together,66831.5,1,0,08-07-2013,16,801,50,627,47,51,155,2,6,7,9,5,0,1,0,1,1,0,0
1123,1977,Basic,Married,24916.3,0,1,22-06-2013,24,10,0,34,18,7,16,0,1,0,1,2,0,0,0,0,0,0,0
1124,1991,2n Cycle,Single,26035.66,2,0,02-06-2013,7,36,9,43,0,4,15,0,0,1,2,5,0,0,0,0,0,0,0
1125,1957,Master,Married,76471.38,1,1,21-04-2013,41,660,73,388,90,10,110,3,4,8,4,3,1,0,0,1,0,0,0
1126,1961,2n Cycle,Married,52823.52,1,0,21-06-2014,53,520,36,244,0,30,24,2,4,0,11,6,0,0,0,0,0,0,0
1127,1962,Basic,Married,24756.28,0,0,09-09-2014,34,56,6,19,0,0,25,2,1,0,1,3,0,0,0,0,0,0,1
1128,1956,Graduation,Married,29976.09,0,1,17-03-2013,8,0,7,61,0,15,0,0,1,0,0,3,0,0,0,0,0,0,0
1129,1982,Basic,Single,44730.56,0,1,27-12-2012,45,215,0,16,5,35,15,5,8,0,4,8,0,0,0,0,0,0,0
1130,1961,Master,Married,89262.67,0,0,27-10-2014,32,585,86,569,38,72,102,1,5,9,8,2,0,1,1,0,0,0,1
1131,1972,Basic,Married,35702.52,2,0,21-11-2014,93,1,0,35,4,7,12,1,2,1,0,5,0,0,0,0,0,0,0
1132,1977,2n Cycle,Divorced,22716.63,1,1,06-12-2012,13,68,10,29,0,10,11,0,1,1,1,6,0,0,0,0,0,0,0
1133,1971,PhD,Married,87788.2,0,0,18-09-2013,26,701,82,599,83,72,49,1,6,4,3,3,0,0,0,0,0,0,0
1134,1986,2n Cycle,Together,37490.84,1,0,19-07-2014,55,127,4,54,11,24,37,7,6,0,1,6,0,0,0,0,0,0,1
1135,1967,Master,Single,56369.6,0,1,08-08-2014,61,381,32,159,41,32,79,3,3,2,6,6,0,0,0,0,0,0,0
1136,1987,2n Cycle,Divorced,36424.09,1,0,15-11-2014,81,52,0,38,14,3,0,2,1,0,2,3,0,0,0,0,0,0,0
1137,1963,Graduation,Together,84023.73,0,0,17-01-2014,40,551,36,459,132,54,78,3,6,9,7,5,0,0,0,0,0,0,0
1138,1935,Master,Together,43373.48,0,2,06-07-2013,31,258,61,199,20,43,66,0,2,4,9,2,0,0,0,0,0,0,1
1139,1970,Graduation,Divorced,13937.7,0,1,08-04-2013,43,71,6,73,7,1,13,2,3,0,0,5,0,0,0,0,0,0,0
1140,1957,Graduation,Married,60703.37,0,2,03-11-2013,71,180,15,203,11,30,30,1,3,1,6,5,0,0,1,1,0,0,0
1141,1968,PhD,Divorced,73274.4,0,1,17-11-2014,11,720,75,391,78,98,81,0,0,7,8,3,0,0,0,0,0,0,1
1142,1968,PhD,Married,71169.64,0,0,14-06-2012,9,641,65,397,83,53,133,2,9,10,8,1,1,0,0,0,0,0,0
1143,1991,Master,Divorced,32207.57,1,0,06-07-2014,14,50,25,0,34,13,12,7,3,2,3,7,0,0,1,0,0,0,0
1144,1974,Graduation,Divorced,25573.75,1,1,02-09-2014,46,58,7,60,12,11,19,0,1,0,1,4,0,0,0,0,0,0,0
1145,1959,Master,Married,85937.34,0,0,20-10-2012,2,532,67,433,139,61,85,3,2,4,5,5,0,0,0,1,0,0,1
1146,1964,PhD,Married,86854.62,0,0,24-10-2014,45,502,70,252,125,77,148,2,5,3,9,5,0,0,0,0,0,0,1
1147,1998,Graduation,Single,51435.76,2,0,07-12-2013,28,114,31,143,46,21,29,3,8,0,1,9,0,0,0,0,0,0,0
1148,1969,PhD,Single,81611.82,1,0,10-10-2013,34,654,69,453,94,87,137,0,3,9,11,3,0,0,0,0,0,0,1
1149,1963,Master,Single,68123.61,0,0,18-03-2014,9,560,5,313,104,68,143,3,5,10,5,1,1,0,0,0,0,0,1
1150,1966,Graduation,Married,65855.39,0,0,27-04-2014,23,596,49,618,77,16,128,0,6,6,11,4,0,1,0,0,0,0,0
1151,1970,Master,Married,55156.54,1,1,18-01-2014,41,236,54,189,65,31,93,0,1,1,10,7,0,0,0,0,0,0,0
1152,1975,PhD,Married,64221.86,0,2,21-03-2014,26,344,15,136,62,4,74,2,3,3,4,5,0,0,0,0,0,0,0
1153,1994,Graduation,Single,36593.8,2,1,16-12-2013,18,75,9,50,4,17,39,8,5,2,0,8,0,0,0,0,0,0,1
1154,1966,Master,Together,74499.86,1,0,23-02-2014,0,708,31,405,133,54,139,1,4,7,11,3,0,1,1,0,0,0,1
1155,1977,Master,Single,49787.54,0,1,21-03-2013,36,31,4,83,6,31,18,12,6,0,0,9,0,0,1,0,0,0,0
1156,1974,2n Cycle,Married,54399.08,1,0,20-01-2013,24,276,49,204,66,11,41,4,1,1,7,5,0,0,0,0,0,0,0
1157,1980,2n Cycle,Single,37156.23,1,0,26-12-2013,45,31,10,77,14,12,10,1,0,0,0,6,0,0,0,1,0,0,0
1158,1970,Graduation,Single,17289.01,1,1,30-04-2013,45,51,0,5,14,0,16,1,3,0,5,7,0,0,0,0,0,0,0
1159,1988,Graduation,Married,33648.79,0,0,04-11-2012,46,101,2,23,34,23,32,3,5,0,0,6,0,0,0,0,0,1,0
1160,1964,PhD,Married,95624.54,0,1,18-05-2013,13,809,60,599,112,39,32,3,8,6,8,2,0,0,0,1,1,0,0
1161,1981,2n Cycle,Single,29842.03,0,0,08-07-2014,50,92,9,26,14,0,20,1,2,1,0,4,0,0,0,0,0,0,0
1162,1987,Master,Single,29121.23,1,1,08-06-2014,38,42,7,30,5,14,37,2,0,1,0,6,0,0,0,1,1,0,0
1163,1983,PhD,Married,47759.0,1,0,03-02-2014,11,133,4,60,5,37,24,9,5,0,5,6,0,0,0,0,0,0,0
1164,1971,Graduation,Divorced,32730.1,0,1,06-09-2014,53,29,4,0,0,0,0,2,2,1,2,1,0,0,0,0,0,0,0
1165,1979,2n Cycle,Divorced,39464.86,0,0,26-11-2013,54,0,8,56,13,8,4,3,3,0,4,6,0,0,0,0,0,0,0
1166,1962,2n Cycle,Married,74106.97,0,2,22-09-2014,38,334,26,246,55,9,27,2,3,5,10,4,0,0,0,0,0,0,0
1167,1970,Basic,Together,36166.3,1,0,10-09-2014,34,104,4,26,9,3,16,1,4,1,3,6,0,0,0,0,0,0,0
1168,1961,PhD,Single,88769.63,1,0,08-10-2012,4,220,52,583,48,54,155,2,7,6,9,1,1,0,0,0,1,0,1
1169,1984,Graduation,Married,24094.45,1,0,20-06-2014,35,209,12,118,18,23,15,5,7,1,4,8,0,0,0,0,0,0,0
1170,1993,2n Cycle,Single,34356.28,0,0,16-07-2013,18,88,16,114,31,6,24,7,5,0,3,8,0,0,0,0,0,0,0
1171,1947,PhD,Together,88651.89,1,0,25-09-2013,31,632,65,297,124,85,125,0,8,6,9,6,0,0,0,0,0,0,1
1172,1990,Graduation,Widow,32565.1,1,0,27-06-2014,61,0,4,20,10,10,11,0,0,0,3,5,0,0,0,0,0,0,0
1173,1959,2n Cycle,Married,99181.09,0,0,16-12-2012,21,669,90,448,97,64,33,0,4,5,9,4,0,1,1,1,0,0,1
1174,1965,Master,Married,49071.69,0,1,03-06-2013,16,481,33,183,64,26,48,4,0,3,10,4,1,0,0,0,0,0,0
1175,1975,2n Cycle,Divorced,75184.51,0,0,09-10-2012,49,899,45,403,0,92,60,3,8,3,6,4,0,0,0,1,0,0,0
1176,1985,2n Cycle,Married,61148.84,0,0,22-10-2014,53,148,17,182,4,5,0,4,9,1,5,4,0,0,0,1,0,0,1
1177,1977,Graduation,Together,43842.54,2,1,20-09-2014,31,32,7,54,13,13,38,2,9,0,1,4,0,0,0,1,0,0,0
1178,1979,Graduation,Divorced,93902.87,0,0,23-04-2013,31,941,89,332,76,85,69,0,2,10,9,3,1,0,0,1,1,0,1
1179,1959,Master,Married,39920.73,1,0,14-11-2012,49,342,37,117,3,18,78,0,4,0,4,4,0,0,0,0,0,0,0
1180,1966,PhD,Together,61454.56,0,1,10-07-2014,32,252,11,108,23,30,63,1,4,2,9,2,0,0,0,0,0,0,0
1181,1991,Graduation,Married,57101.76,0,0,01-08-2013,56,30,13,122,16,9,51,2,3,0,4,8,0,0,0,0,0,0,0
1182,1953,Graduation,Divorced,53670.04,1,0,20-05-2014,23,156,29,238,7,30,47,1,4,2,7,7,1,0,0,0,0,0,0
1183,1976,Master,Single,80597.97,0,1,29-01-2014,23,527,57,342,90,63,96,2,9,7,8,4,0,0,0,0,0,0,0
1184,1986,Graduation,Together,74771.47,0,0,28-01-2013,25,581,57,476,157,100,111,0,3,4,5,3,0,1,0,1,0,0,0
1185,1971,2n Cycle,Divorced,42352.45,1,1,11-04-2013,72,100,23,75,15,21,36,3,8,0,3,2,0,0,1,0,0,0,0
1186,1990,Basic,Together,42980.95,1,1,10-03-2013,53,217,4,74,4,14,18,7,7,0,4,6,1,0,0,1,0,0,0
1187,1975,Graduation,Widow,86399.34,0,1,22-06-2012,3,707,80,570,49,86,56,2,4,10,4,4,0,0,0,0,1,0,1
1188,1975,Graduation,Widow,36366.72,0,0,01-03-2014,65,2,2,60,0,8,14,2,3,2,0,4,0,0,0,0,0,0,0
1189,1982,PhD,Married,37511.16,0,0,28-04-2014,59,61,0,32,20,0,29,1,2,0,2,2,0,1,0,0,0,0,0
1190,1957,Graduation,Divorced,94323.12,0,1,08-10-2014,11,715,59,404,88,57,149,0,4,7,7,4,0,0,0,0,1,0,1
1191,2000,Graduation,Together,48880.25,0,1,11-04-2014,29,175,7,116,27,17,29,6,6,1,1,6,1,1,1,0,1,0,0
1192,1987,Graduation,Divorced,40623.3,1,1,21-08-2014,26,98,0,0,9,17,43,4,6,2,5,7,0,0,0,0,0,0,0
1193,1975,Graduation,Single,34112.58,1,0,02-02-2013,99,86,1,107,0,16,0,7,8,0,2,8,0,0,0,0,0,0,0
1194,2000,PhD,Married,52642.47,1,1,01-09-2012,57,126,0,3,30,8,26,6,2,0,4,6,0,0,0,1,0,0,0
1195,1969,2n Cycle,Divorced,50671.86,0,0,03-07-2013,43,321,32,120,41,40,56,2,3,3,9,7,0,1,0,1,0,0,0
1196,1980,2n Cycle,Together,32793.4,0,0,24-06-2013,74,45,0,75,7,1,15,2,0,0,4,4,0,0,1,0,0,0,0
1197,1987,Master,Single,45139.73,0,0,05-09-2014,79,115,10,155,21,24,19,6,9,0,4,6,0,0,0,0,0,0,0
1198,1957,PhD,Married,61249.19,1,2,18-12-2013,54,260,24,196,25,19,50,2,0,1,9,0,0,0,0,0,0,0,0
1199,1970,Graduation,Together,49206.33,0,1,02-10-2013,25,415,32,106,93,14,23,0,5,2,8,6,0,0,0,0,0,0,0
1200,1951,Graduation,Married,58035.16,0,2,17-01-2013,25,283,16,195,39,31,74,2,2,1,7,2,1,0,1,0,0,0,0
1201,1970,PhD,Together,122874.62,0,1,28-08-2014,29,778,43,462,87,86,138,1,7,5,4,5,1,1,1,1,0,0,1
1202,1962,PhD,Married,54467.23,1,1,07-07-2014,28,424,33,237,52,33,45,3,2,1,6,4,0,0,0,0,0,0,0
1203,1990,Graduation,Divorced,19182.66,1,0,23-07-2014,69,29,5,28,8,9,13,0,1,0,5,3,0,0,0,0,0,0,0
1204,1951,PhD,Married,50693.8,1,0,07-03-2013,38,461,32,193,35,28,48,2,1,2,12,3,0,0,0,0,0,0,0
1205,1994,2n Cycle,Together,44438.17,2,1,21-09-2014,65,148,21,0,7,0,9,6,5,0,5,7,0,0,0,0,0,0,0
1206,1951,Master,Married,63370.77,1,1,14-11-2014,34,253,22,116,51,21,39,1,4,0,7,5,0,0,0,0,0,0,0
1207,1969,Master,Divorced,52623.08,0,0,30-11-2013,15,368,19,269,58,31,78,3,2,1,4,5,1,0,0,0,0,0,1
1208,1969,PhD,Married,59001.18,1,0,14-02-2013,46,276,38,256,7,30,59,2,2,4,7,4,0,0,0,1,0,0,0
1209,1970,PhD,Together,71807.07,0,0,04-02-2013,45,723,114,768,118,46,111,1,7,11,7,1,0,0,0,1,0,0,0
1210,1973,Basic,Single,25676.99,0,0,21-10-2013,42,34,12,0,19,8,11,3,2,0,0,5,0,0,0,0,0,0,0
1211,1963,Basic,Married,27858.22,1,0,01-03-2013,43,55,0,17,3,9,16,3,2,0,2,4,0,0,0,0,0,0,0
1212,1986,Master,Married,44333.14,0,0,14-09-2013,18,141,22,118,28,21,6,4,5,3,1,4,0,0,0,0,0,0,0
1213,1976,Master,Married,30000.0,1,1,14-09-2013,28,176,25,132,32,44,51,3,4,6,6,6,0,0,0,0,0,0,0
1214,1984,Master,Divorced,79330.08,0,0,14-12-2013,29,975,44,581,74,111,61,1,7,7,9,3,1,0,0,0,0,0,1
1215,1964,Graduation,Together,34103.28,1,0,25-04-2013,80,19,4,56,18,17,12,0,4,1,3,8,0,0,0,0,0,0,0
1216,1980,Graduation,Divorced,24665.57,2,0,29-04-2014,79,0,1,40,7,2,21,1,2,1,2,7,0,0,0,0,0,0,0
1217,1960,Master,Married,46773.39,1,1,23-01-2013,54,258,48,45,25,52,65,0,4,2,8,3,0,0,0,0,0,0,0
1218,1961,Master,Married,63463.48,1,2,16-01-2013,26,501,47,149,38,22,38,3,2,1,5,7,0,0,1,0,0,0,0
1219,1975,PhD,Single,73276.32,0,0,01-11-2012,21,702,68,300,28,54,117,1,6,9,11,4,1,1,0,0,1,0,0
1220,1983,Graduation,Married,33492.29,1,1,23-05-2014,55,86,13,91,7,21,40,3,6,0,6,8,0,1,0,0,0,0,1
1221,1994,2n Cycle,Divorced,61909.96,1,1,22-11-2013,52,69,8,141,31,8,28,7,8,0,3,8,0,0,0,0,0,0,0
1222,1964,Graduation,Divorced,65027.99,1,0,10-08-2014,4,561,65,107,21,35,83,0,4,4,11,7,0,0,1,0,0,0,0
1223,1950,Master,Divorced,89130.06,0,0,03-03-2014,18,782,49,445,77,11,143,3,3,6,7,2,0,1,0,1,0,0,0
1224,1967,Basic,Single,25643.29,0,0,03-01-2014,37,31,7,40,0,1,20,3,3,0,0,6,0,0,0,0,0,0,0
1225,1983,Master,Married,49349.35,1,1,27-02-2014,20,41,2,95,36,39,19,6,6,0,1,7,0,0,0,0,0,0,0
1226,1992,Graduation,Divorced,37434.2,1,0,28-06-2013,30,206,10,112,5,18,19,6,7,2,2,4,0,0,1,0,0,0,0
1227,1973,Master,Married,100269.68,0,0,30-07-2014,22,311,50,419,10,60,131,0,6,6,10,1,1,0,0,0,0,0,0
1228,1963,Graduation,Together,59318.73,0,2,15-06-2013,12,158,20,150,56,0,64,4,2,4,6,4,0,0,0,0,0,0,1
1229,1985,Basic,Single,38495.58,1,0,09-01-2013,71,23,16,41,6,7,11,1,1,1,1,7,0,0,0,0,0,0,0
1230,1955,PhD,Married,62706.57,0,1,10-05-2014,30,395,29,252,79,14,68,3,3,0,8,1,0,0,0,0,0,0,0
1231,1982,Master,Divorced,42151.31,2,1,24-02-2013,64,45,10,109,0,43,23,3,8,1,2,10,0,0,0,0,0,0,0
1232,1979,Graduation,Single,33278.21,0,0,31-07-2014,78,4,0,42,17,2,33,1,3,0,2,4,0,0,0,0,0,0,0
1233,1981,Graduation,Married,81756.46,0,1,30-03-2014,0,518,57,289,106,87,133,0,3,5,8,1,0,0,0,1,1,0,0
1234,1983,Graduation,Married,15459.0,1,0,30-01-2014,39,0,12,44,20,0,35,1,3,0,2,3,0,0,0,0,0,0,0
1235,1972,Master,Together,38516.55,1,0,04-05-2013,60,281,21,265,7,17,46,1,0,4,5,5,0,0,0,0,0,0,1
1236,1979,Graduation,Single,30837.22,0,1,14-04-2014,41,82,30,39,23,18,18,6,11,2,2,5,0,0,0,0,0,0,0
1237,1968,Master,Together,56954.31,1,1,03-05-2014,17,271,29,58,70,8,46,0,2,1,5,6,0,0,0,0,0,0,0
1238,1967,PhD,Married,54122.55,0,1,19-09-2014,22,243,40,290,36,42,41,2,3,1,8,3,0,0,0,0,0,0,1
1239,1989,Graduation,Single,48020.09,2,1,09-10-2014,9,51,23,62,12,28,30,5,9,2,2,6,0,0,0,0,0,0,0
1240,1982,Graduation,Divorced,24606.13,1,0,14-05-2014,18,11,0,29,16,5,18,1,2,1,6,2,0,0,0,0,0,0,0
1241,1986,Graduation,Single,42896.77,1,0,31-01-2014,44,122,7,128,1,33,14,6,6,2,1,9,0,0,0,0,0,0,0
1242,1975,Master,Single,15825.42,0,0,21-12-2012,50,20,0,25,25,0,9,0,2,1,3,5,0,0,1,0,0,0,0
1243,1977,2n Cycle,Together,28399.65,0,1,29-07-2012,70,10,0,17,3,0,15,0,0,1,2,5,0,0,0,0,0,0,0
1244,1962,Graduation,Widow,88578.64,1,0,03-10-2013,46,648,77,431,100,67,20,1,7,7,8,3,0,0,0,0,0,0,0
1245,1959,Graduation,Married,54908.68,1,1,28-04-2014,40,239,18,226,14,41,63,2,4,1,8,5,0,0,0,0,0,0,0
1246,1976,Graduation,Together,34509.24,2,1,13-06-2013,52,0,0,126,48,0,13,1,5,3,3,4,0,0,0,0,0,0,0
1247,1943,Graduation,Together,53872.76,0,0,23-07-2014,60,279,21,195,0,3,61,3,3,2,8,1,0,0,0,0,1,0,0
1248,1954,PhD,Divorced,50978.42,1,1,31-03-2013,62,244,68,198,51,11,28,1,2,3,8,4,0,1,0,0,0,0,0
1249,1980,Graduation,Together,40311.87,0,0,16-07-2013,62,174,30,29,21,0,18,6,2,0,3,7,0,1,0,0,0,0,0
1250,1980,Basic,Married,33380.23,0,1,01-09-2014,51,36,1,80,17,8,17,1,2,0,2,7,0,0,0,0,0,0,0
1251,1962,PhD,Married,69185.22,1,0,12-05-2014,11,442,44,346,101,48,71,0,6,7,9,2,0,0,1,1,0,0,0
1252,1944,Master,Single,59600.54,0,1,21-07-2012,19,294,42,96,32,22,71,1,2,4,8,6,0,0,1,0,0,0,0
1253,1985,Graduation,Together,48408.96,1,0,17-11-2013,51,0,32,71,12,0,30,6,8,0,2,9,0,0,0,0,0,0,0
1254,1960,Graduation,Married,97161.33,0,0,13-08-2013,29,675,87,478,59,66,68,4,1,5,9,6,1,1,0,1,0,0,0
1255,1945,Graduation,Divorced,58598.91,0,2,08-08-2013,21,417,44,192,74,32,88,2,3,1,9,3,1,0,0,0,0,0,0
1256,1973,Master,Married,64793.36,0,2,26-11-2012,39,300,35,98,35,34,46,3,2,3,7,4,0,0,0,0,0,0,1
1257,1960,Basic,Married,31846.8,1,0,07-08-2013,41,61,11,0,0,0,0,1,1,0,0,4,0,0,0,0,0,0,1
1258,1951,Graduation,Married,50178.15,0,1,28-06-2012,26,311,8,173,14,26,21,3,2,1,8,4,0,0,1,0,0,0,0
1259,1975,Graduation,Single,39126.44,2,1,17-08-2014,32,25,15,78,16,31,25,4,9,2,5,10,0,0,0,0,0,0,1
1260,1967,Master,Single,37070.36,1,0,04-11-2014,18,20,0,34,16,3,29,0,4,1,3,5,0,0,0,0,0,0,0
1261,1969,PhD,Married,87758.99,0,0,02-08-2013,48,691,53,388,112,64,138,1,10,8,5,7,1,1,1,1,0,0,0
1262,1966,Basic,Married,85773.86,1,1,15-10-2014,21,469,5,484,107,53,76,2,6,7,7,4,1,1,1,1,0,0,0
1263,1952,Graduation,Married,66520.17,1,0,11-12-2013,26,261,30,177,30,32,40,0,5,2,7,7,0,0,0,0,0,0,0
1264,1980,Master,Together,43388.52,0,0,22-08-2014,49,80,40,118,7,23,33,4,5,0,1,8,0,1,1,0,0,0,0
1265,1993,Master,Single,36614.2,0,0,30-03-2013,57,207,0,59,14,20,7,7,6,0,3,7,1,0,0,0,0,0,0
1266,1975,Basic,Single,24058.31,2,0,14-05-2014,76,14,11,6,14,5,6,1,2,0,1,9,0,0,0,0,0,0,0
1267,1981,Graduation,Divorced,35315.33,0,1,21-12-2012,52,122,29,153,7,0,43,5,6,1,3,7,1,0,0,1,0,0,0
1268,1973,Graduation,Married,25977.13,0,1,06-12-2012,40,0,9,8,4,4,15,0,1,0,3,6,0,0,0,0,0,0,0
1269,1944,PhD,Married,66470.54,0,0,07-05-2013,42,395,7,200,44,25,58,2,2,1,6,6,0,0,0,0,0,0,0
1270,1984,Master,Single,45859.16,0,1,11-04-2014,54,71,6,90,36,17,0,3,7,1,0,7,0,0,0,0,0,0,0
1271,1966,PhD,Widow,96371.83,0,0,17-06-2013,35,402,99,711,45,84,63,2,3,10,6,3,1,0,0,1,1,0,0
1272,1981,Master,Single,39660.15,2,0,08-12-2013,48,202,7,31,24,29,11,2,7,1,2,7,0,0,0,0,0,0,0
1273,1983,Master,Widow,21344.4,0,0,16-02-2014,43,47,6,13,11,8,13,3,1,0,3,3,0,0,0,0,0,0,0
1274,1979,Graduation,Together,56654.91,1,0,04-09-2012,35,87,16,55,17,0,43,3,10,1,6,10,0,0,0,0,0,0,0
1275,1976,Graduation,Married,99751.82,0,1,05-06-2013,20,792,52,480,72,42,147,1,1,0,8,3,0,0,1,1,0,0,0
1276,1980,Graduation,Single,58240.19,2,1,08-07-2014,61,87,18,144,11,5,31,6,6,2,4,10,0,0,0,0,0,0,0
1277,1962,Master,Single,34883.17,1,1,05-06-2013,44,39,15,21,5,0,0,1,1,1,4,9,0,0,0,0,0,0,1
1278,1969,Graduation,Divorced,91039.77,0,0,29-06-2013,38,687,62,245,69,102,119,4,4,5,10,3,0,0,1,0,1,0,0
1279,1980,Basic,Widow,40377.82,0,0,07-11-2012,51,43,0,33,5,2,4,1,2,0,0,6,0,0,0,0,0,0,0
1280,1957,Graduation,Together,76492.27,1,0,20-01-2013,0,692,63,225,59,57,127,0,6,6,6,3,0,1,0,0,0,0,1
1281,1967,Graduation,Divorced,48000.0,1,0,01-07-2012,66,21,10,45,12,10,14,0,0,0,2,6,0,0,0,0,0,0,0
1282,1962,Master,Married,48192.7,0,0,06-08-2014,37,260,44,188,56,45,74,3,1,4,9,4,1,0,0,0,0,0,1
1283,1971,Master,Divorced,86188.68,0,1,21-09-2012,0,787,57,399,99,44,112,0,3,10,7,2,1,0,0,1,0,0,0
1284,1983,Graduation,Together,26157.06,0,0,03-04-2014,83,44,8,46,0,2,11,0,4,0,6,8,0,0,0,0,0,0,0
1285,1983,2n Cycle,Married,45948.69,0,0,08-03-2013,33,68,4,116,7,3,28,5,9,1,1,5,0,0,0,0,0,0,0
1286,1977,Master,Married,57251.95,1,1,20-08-2014,35,67,13,109,33,31,17,0,4,4,4,4,0,0,0,0,0,0,0
1287,1972,Master,Married,54487.2,0,1,27-05-2012,32,195,16,288,62,20,45,2,3,1,2,3,0,0,0,0,0,0,0
1288,1959,Graduation,Together,81581.5,0,1,03-06-2012,57,822,64,354,37,97,166,0,6,4,5,4,1,1,0,0,0,0,0
1289,1952,PhD,Married,93052.08,0,1,19-09-2013,28,749,64,456,81,116,108,0,2,7,7,3,1,0,1,1,1,0,0
1290,1966,PhD,Married,74747.84,0,0,03-03-2013,37,565,72,302,88,23,107,2,4,8,6,3,0,0,0,0,0,0,1
1291,1970,Master,Widow,74962.13,1,1,11-08-2014,29,837,69,470,104,52,69,0,5,9,11,1,1,0,0,0,0,0,1
1292,1963,PhD,Single,80486.4,0,1,08-10-2012,17,541,81,412,81,69,97,0,7,9,10,6,1,0,0,1,0,0,1
1293,1953,Basic,Married,74518.55,0,0,28-08-2013,27,783,78,393,87,64,73,2,5,5,8,0,0,0,0,0,0,0,0
1294,1975,Basic,Together,36039.19,0,0,02-02-2013,47,47,7,58,10,6,1,0,2,0,5,4,0,0,0,0,0,0,0
1295,1966,PhD,Divorced,86632.26,0,1,24-08-2014,9,785,97,515,60,52,75,0,5,5,11,1,1,0,1,0,0,0,1
1296,1966,PhD,Together,63949.31,0,1,12-06-2012,0,436,44,204,48,39,35,5,2,1,11,4,0,0,0,1,0,0,0
1297,1968,Master,Together,66599.3,0,1,07-08-2012,16,485,23,256,40,60,121,0,6,10,10,2,1,0,0,1,0,0,1
1298,1954,2n Cycle,Together,76034.65,0,0,15-01-2013,12,725,70,556,92,34,135,2,6,6,8,4,0,0,0,0,0,0,1
1299,1961,Master,Married,53551.33,0,0,29-05-2012,41,312,29,273,18,32,70,1,3,3,8,4,0,0,1,0,0,0,0
1300,1978,Graduation,Together,39467.89,1,1,11-09-2013,84,20,16,41,12,3,12,2,1,1,0,6,0,0,0,0,0,0,0
1301,1990,Graduation,Married,43986.48,0,1,13-07-2013,12,111,0,62,18,23,0,3,10,2,2,9,0,0,0,0,0,0,0
1302,1973,Graduation,Married,79915.43,0,0,15-01-2014,33,424,53,495,100,70,100,3,5,5,12,4,0,0,0,0,1,0,1
1303,1975,2n Cycle,Divorced,25071.41,0,0,26-11-2012,44,64,0,75,6,0,7,3,1,0,4,4,0,0,0,0,0,1,0
1304,1948,Graduation,Divorced,90361.03,0,1,16-05-2013,31,655,112,393,116,63,130,2,4,10,8,3,1,0,0,0,1,0,0
1305,1978,Graduation,Divorced,46721.69,2,0,24-05-2014,55,74,0,50,19,19,23,6,6,0,3,9,0,0,0,0,0,0,0
1306,1970,Master,Married,65477.33,1,0,02-10-2012,36,104,35,164,35,39,84,1,2,0,5,4,0,0,0,0,0,0,1
1307,1989,Basic,Widow,18840.5,2,1,24-10-2013,59,74,18,50,4,10,2,3,2,1,0,4,0,0,0,0,0,0,0
1308,1976,Basic,Married,39740.73,1,0,11-07-2012,54,9,4,0,13,13,0,0,0,0,3,7,0,0,0,0,0,0,0
1309,1958,Graduation,Married,62784.3,0,0,16-07-2013,39,352,37,304,16,31,70,2,4,2,12,3,1,0,0,0,0,0,0
1310,1982,Graduation,Married,43264.55,1,0,13-11-2012,36,116,32,64,42,21,41,3,1,1,1,8,0,0,0,0,0,0,0
1311,1972,Graduation,Single,18758.08,0,1,06-11-2014,54,14,6,34,0,14,12,2,3,0,1,3,0,0,0,0,0,0,0
1312,1957,2n Cycle,Single,31153.66,2,1,16-09-2012,43,24,7,31,5,3,13,1,2,0,1,4,0,0,0,0,0,0,0
1313,1986,PhD,Single,18056.82,0,0,14-02-2014,44,26,0,68,13,9,7,2,2,0,1,6,0,0,0,0,0,0,0
1314,1971,PhD,Together,70109.71,1,2,30-03-2013,34,217,7,163,46,11,33,2,4,3,7,4,0,0,0,0,0,0,0
1315,1966,PhD,Married,81576.73,0,0,30-08-2014,56,796,65,476,99,66,106,0,2,14,2,3,0,0,0,0,1,0,0
1316,1982,Graduation,Together,42036.39,0,0,25-09-2014,51,80,2,61,24,25,12,6,9,1,4,8,0,1,0,0,0,0,0
1317,1980,Master,Single,,0,1,05-10-2012,40,88,32,38,31,17,14,4,5,1,2,7,0,0,0,0,0,0,0
1318,1949,2n Cycle,Married,42465.16,0,0,18-12-2013,34,362,18,100,43,44,18,1,1,2,7,6,0,1,0,0,0,0,1
1319,1969,Master,Divorced,23777.03,0,0,12-10-2014,63,49,9,63,1,0,13,1,0,1,3,5,0,0,0,0,0,0,0
1320,2000,Master,Married,41060.14,1,1,18-07-2014,60,65,8,162,32,30,25,5,2,1,4,5,1,0,0,0,0,0,0
1321,1957,Graduation,Married,53936.85,1,0,22-06-2013,58,400,19,63,49,35,22,2,3,3,6,5,0,0,0,0,0,1,0
1322,1983,2n Cycle,Divorced,44353.27,1,1,07-09-2014,79,131,12,10,40,14,32,6,4,0,3,5,0,0,0,0,0,0,0
1323,1960,Basic,Married,29647.25,1,0,15-11-2013,49,23,7,40,11,17,21,3,1,0,0,2,0,0,0,0,0,0,0
1324,1982,Master,Married,102840.5,0,1,11-12-2013,0,658,74,426,118,65,151,1,8,4,8,2,0,1,0,0,0,0,1
1325,1982,Graduation,Together,35033.3,0,1,29-06-2012,45,72,16,79,0,28,38,8,8,2,4,10,0,0,0,0,0,0,0
1326,1972,Graduation,Together,73466.58,0,0,11-09-2014,29,580,76,329,82,74,177,5,3,2,9,2,0,0,0,0,1,0,0
1327,1965,2n Cycle,Divorced,64406.11,0,0,04-10-2012,29,789,119,609,66,49,161,4,4,5,10,2,1,1,1,1,1,0,0
1328,1962,2n Cycle,Married,24922.08,0,1,13-03-2013,69,41,16,23,20,10,23,1,0,0,1,2,0,0,0,0,0,0,0
1329,1988,Master,Together,47768.42,1,1,12-02-2013,56,67,13,67,0,0,3,6,1,1,0,5,0,0,0,0,0,0,0
1330,1995,Master,Married,20152.14,0,0,06-03-2013,41,27,0,13,23,25,25,0,1,1,4,2,0,0,0,0,0,0,0
1331,1951,Master,Married,55977.02,0,1,25-05-2013,26,352,10,94,5,11,48,2,5,0,6,8,0,0,0,0,1,0,0
1332,1975,Graduation,Together,89897.1,0,0,15-01-2014,59,614,23,238,69,46,54,0,4,2,13,3,0,0,0,0,1,0,1
1333,1967,2n Cycle,Married,28608.13,0,0,23-09-2014,94,34,13,57,2,15,16,0,1,1,5,6,0,0,0,0,0,0,0
1334,1967,2n Cycle,Single,90707.46,0,0,18-06-2014,27,592,59,321,54,39,60,4,4,5,5,3,0,1,0,0,0,0,1
1335,1983,Graduation,Married,36153.87,2,0,14-02-2013,50,31,13,45,2,21,0,2,0,0,1,7,0,0,1,0,0,0,0
1336,1957,Master,Together,76818.44,1,0,14-06-2012,31,250,93,606,7,37,107,1,7,9,7,4,1,1,0,0,0,1,0
1337,1960,Graduation,Married,60480.03,0,1,18-11-2014,71,349,38,158,61,34,22,3,1,4,8,3,0,0,0,0,0,0,0
1338,1982,Master,Married,77522.99,1,1,23-01-2013,15,599,61,548,47,71,90,0,6,8,12,2,0,0,1,0,0,0,0
1339,1990,Graduation,Divorced,42801.5,2,0,27-06-2014,67,94,25,114,22,24,57,3,7,3,0,6,0,1,0,0,0,0,0
1340,1982,2n Cycle,Single,39171.92,0,0,22-04-2014,71,22,16,5,15,0,8,3,1,1,4,5,0,0,0,0,0,0,0
1341,1974,Master,Together,31575.05,2,0,20-06-2014,56,12,0,48,17,23,39,6,3,2,4,7,0,0,0,0,0,0,1
1342,1967,Master,Married,59944.81,1,2,28-08-2014,15,250,16,165,52,0,59,1,3,4,6,2,0,0,0,0,0,0,0
1343,1953,Graduation,Married,57771.45,0,1,09-10-2013,22,179,15,175,0,20,32,4,2,4,7,4,1,0,0,1,0,0,0
1344,1948,Graduation,Together,58683.41,0,0,05-10-2012,24,751,86,365,88,30,124,1,8,8,7,2,0,1,0,0,0,0,0
1345,1970,Master,Widow,21563.83,0,0,04-03-2013,71,86,7,17,16,5,7,0,3,0,3,4,0,0,0,1,0,0,0
1346,1954,Graduation,Widow,34970.74,2,0,05-03-2013,34,20,3,33,0,18,6,1,2,0,4,8,0,0,0,0,0,0,0
1347,1975,Master,Divorced,84149.58,0,0,17-03-2014,9,641,67,452,115,93,101,0,7,7,9,4,0,1,0,1,0,0,0
1348,1959,Master,Single,54674.0,0,1,06-11-2012,23,241,32,141,31,60,13,2,3,0,5,2,0,0,0,0,0,0,0
1349,1995,Basic,Married,41515.11,0,0,13-10-2013,52,86,38,35,27,28,23,4,5,0,1,6,0,0,0,0,0,0,1
1350,1969,Graduation,Married,64836.65,0,1,08-11-2013,24,306,32,182,12,37,80,2,0,3,7,3,0,0,0,0,0,0,0
1351,1973,PhD,Together,85162.08,0,0,12-03-2013,14,479,44,533,94,24,87,2,4,7,8,5,1,0,0,0,0,0,1
1352,1968,Graduation,Married,71705.66,0,2,11-10-2014,58,424,2,173,38,26,43,1,1,4,6,4,0,0,0,0,0,0,0
1353,1979,Master,Together,36474.77,0,0,29-11-2012,65,12,4,3,0,25,9,3,1,1,1,6,0,0,0,0,0,0,0
1354,1951,PhD,Together,51121.9,0,2,27-09-2014,47,401,4,96,28,15,66,2,2,2,9,3,0,0,0,0,0,0,0
1355,1977,Master,Married,76283.57,0,0,22-05-2013,36,578,96,700,91,77,81,3,3,5,9,6,0,1,0,0,0,0,1
1356,1968,Graduation,Divorced,22978.35,1,1,28-02-2013,70,13,0,32,15,33,0,1,5,0,1,5,0,0,0,0,0,0,0
1357,1984,Master,Single,42318.54,0,0,10-01-2014,31,134,12,48,16,37,10,9,10,1,2,8,0,0,0,0,0,0,0
1358,1967,Basic,Single,37191.43,1,1,01-12-2012,39,37,2,22,22,14,18,2,3,0,2,5,0,0,0,0,0,0,0
1359,1990,Master,Married,45786.69,1,0,02-11-2014,57,114,16,150,9,32,31,6,5,0,4,6,0,0,0,0,0,0,0
1360,1964,Graduation,Single,96443.15,0,1,14-08-2013,14,408,52,221,35,37,128,3,4,7,9,0,1,0,0,0,0,0,1
1361,1971,Graduation,Married,62956.65,0,2,28-07-2013,36,251,38,176,55,23,40,4,2,2,11,3,0,0,0,0,1,0,0
1362,1969,Basic,Single,29417.38,0,0,08-04-2014,22,13,5,26,7,9,11,0,2,0,1,12,0,0,0,0,0,0,0
1363,1978,Graduation,Married,55372.06,0,0,31-05-2012,67,584,24,166,42,35,112,0,6,3,3,3,0,0,0,1,0,0,0
1364,1984,PhD,Married,31720.73,0,0,30-08-2012,68,48,16,22,15,11,10,2,0,0,3,5,0,0,0,0,0,0,1
1365,1995,2n Cycle,Married,35299.39,0,1,20-08-2013,44,194,0,76,20,0,21,5,3,1,2,7,0,0,0,0,0,0,0
1366,1985,2n Cycle,Together,53671.93,1,0,17-03-2014,53,0,21,45,5,15,31,9,6,0,3,8,0,0,1,0,0,0,1
1367,1959,Graduation,Married,68040.66,0,0,01-08-2012,22,906,81,403,50,78,94,3,3,4,8,1,0,0,1,0,0,0,1
1368,1948,Master,Widow,44992.25,0,1,02-02-2013,13,289,58,230,12,6,47,0,3,1,8,4,1,1,1,0,0,0,0
1369,1986,2n Cycle,Single,36207.56,2,0,02-12-2013,25,14,30,102,24,9,25,7,7,2,2,9,0,0,0,0,0,0,0
1370,1979,2n Cycle,Single,38348.43,2,1,22-04-2014,57,172,17,14,19,10,0,3,7,2,3,4,0,0,1,0,0,0,0
1371,1987,Graduation,Married,33868.63,2,0,09-11-2012,37,104,11,63,29,27,51,10,7,1,0,9,0,0,0,0,0,0,0
1372,1993,Master,Single,,1,1,04-02-2014,65,64,24,106,25,16,27,7,6,1,7,9,0,0,1,0,0,0,0
1373,1964,Master,Married,77080.11,0,1,18-04-2013,24,678,92,283,115,39,146,2,7,5,10,2,1,0,0,0,0,0,0
1374,1991,2n Cycle,Single,31412.65,0,0,12-11-2012,24,98,3,136,27,16,38,6,4,0,0,4,0,0,0,0,0,0,0
1375,1980,2n Cycle,Single,33115.4,2,1,18-12-2012,63,0,11,40,28,12,31,7,9,0,1,6,0,0,0,0,0,0,1
1376,1985,Master,Together,43310.27,1,0,18-01-2013,52,87,30,147,21,1,27,3,2,1,4,7,0,0,0,0,0,0,0
1377,1968,Master,Married,35262.75,1,1,30-09-2012,99,22,9,34,8,7,0,0,2,1,7,4,0,0,0,0,0,0,0
1378,1958,PhD,Divorced,88789.93,1,0,20-10-2014,23,724,81,458,96,83,172,0,7,5,6,3,1,0,0,0,0,0,0
1379,1965,Master,Divorced,46267.45,0,1,07-01-2013,72,245,30,123,58,30,6,5,2,4,10,1,0,0,0,0,0,0,0
1380,1942,Master,Single,54026.77,0,0,30-06-2013,25,270,26,142,78,14,48,4,4,3,9,3,0,0,0,0,0,0,0
1381,1985,2n Cycle,Married,43513.0,2,0,18-08-2012,23,52,23,64,6,17,45,2,4,3,6,11,0,0,1,0,0,0,0
1382,1988,Graduation,Married,41848.64,2,0,02-06-2013,46,20,15,18,18,4,30,7,5,0,5,6,1,0,0,0,0,0,0
1383,1978,Basic,Single,15153.55,0,0,08-10-2012,40,23,3,15,5,4,11,1,2,0,3,4,0,0,0,0,0,0,0
1384,1976,Master,Single,49454.88,2,1,15-10-2012,44,124,16,51,9,4,13,5,4,0,2,6,0,0,0,0,0,0,0
1385,1948,Master,Married,44789.3,1,1,19-12-2013,26,347,6,311,60,26,37,2,4,3,10,3,0,0,1,0,0,0,0
1386,1961,Basic,Married,31652.28,1,0,15-05-2013,50,41,10,3,1,0,5,1,2,0,2,1,0,0,0,0,0,0,0
1387,1983,Graduation,Single,32486.59,1,1,28-05-2012,58,113,0,33,31,1,5,7,2,1,4,11,0,0,0,0,0,0,0
1388,1974,Graduation,Married,17625.34,2,0,18-12-2013,74,28,9,30,9,0,11,3,3,0,3,4,0,0,0,0,0,0,0
1389,1954,Graduation,Married,63683.54,1,1,22-06-2014,46,341,24,76,29,32,21,3,4,3,8,5,0,0,0,0,0,0,0
1390,1962,Master,Single,58771.54,0,2,03-09-2013,15,364,27,154,23,21,51,3,4,2,6,2,0,0,0,0,0,0,0
1391,1971,PhD,Married,54771.73,0,0,13-11-2014,78,224,14,182,47,35,53,0,2,0,9,5,0,0,0,0,0,0,1
1392,1987,2n Cycle,Single,63196.32,1,0,01-11-2012,67,121,0,101,24,18,25,3,3,2,1,11,0,0,0,0,0,0,0
1393,1966,PhD,Married,51483.5,0,1,24-11-2014,24,236,52,262,26,30,68,2,3,1,10,3,0,0,0,0,0,0,0
1394,1992,Graduation,Together,39714.54,0,0,20-10-2014,13,61,30,143,6,21,14,7,7,0,1,9,0,0,1,1,0,0,0
1395,1983,Graduation,Together,42787.1,0,1,08-06-2014,18,40,0,28,16,0,11,1,2,0,6,6,0,0,1,0,0,0,0
1396,1954,2n Cycle,Married,59915.56,0,0,25-06-2014,42,217,25,98,22,28,61,5,2,1,8,0,0,0,0,0,0,0,0
1397,1984,Graduation,Single,33552.28,1,0,02-07-2012,51,67,8,105,23,10,0,3,6,0,2,9,0,0,0,0,0,0,0
1398,1984,Basic,Divorced,49004.6,1,0,23-07-2013,58,165,5,0,9,9,54,4,6,1,2,6,0,0,0,1,0,0,1
1399,1998,Basic,Single,23028.29,0,0,28-11-2013,54,41,13,17,0,5,18,2,2,1,3,4,0,0,0,0,0,0,0
1400,1977,2n Cycle,Married,30432.79,1,0,09-11-2014,71,1,6,78,3,12,6,4,5,0,0,6,0,0,0,0,0,0,0
1401,1981,Master,Single,49014.95,1,1,12-08-2012,0,48,13,120,27,0,16,3,7,0,4,7,0,0,0,0,0,0,0
1402,1979,Graduation,Single,58656.32,1,0,24-05-2013,29,6,15,67,31,0,35,5,3,1,7,4,0,0,0,0,0,0,1
1403,1985,2n Cycle,Single,33017.82,0,1,01-06-2012,26,41,23,45,26,32,25,2,6,2,1,8,0,0,0,0,0,0,0
1404,1900,2n Cycle,Single,29142.4,2,0,04-07-2014,63,7,12,4,9,24,6,0,1,0,4,4,0,1,0,0,0,0,0
1405,1966,Master,Together,83683.54,1,1,19-12-2013,27,559,84,468,90,36,83,0,5,7,10,4,0,0,0,0,0,0,0
1406,1975,Master,Together,22503.32,0,1,01-07-2013,46,48,4,52,3,19,20,1,1,0,3,5,0,0,0,0,0,0,0
1407,1980,PhD,Together,19838.75,0,0,09-10-2014,0,85,7,69,0,2,26,0,2,0,5,0,1,0,0,0,0,0,0
1408,1992,Graduation,Together,50905.71,0,0,16-09-2012,57,124,32,131,17,29,41,7,4,0,3,6,0,0,1,0,0,0,1
1409,1984,Graduation,Widow,58478.24,2,0,25-06-2013,33,100,4,84,17,22,35,2,7,1,5,10,0,0,1,0,0,0,1
1410,1950,Graduation,Married,60725.88,0,1,04-07-2012,30,377,2,235,23,0,80,4,3,0,3,4,0,0,0,0,0,0,0
1411,1968,Master,Divorced,32648.75,1,0,17-07-2012,87,33,15,30,13,8,2,1,2,1,0,1,0,0,0,0,0,0,0
1412,1979,2n Cycle,Divorced,48000.0,2,0,02-01-2014,60,24,6,12,9,0,14,2,4,0,1,2,0,0,0,1,0,0,1
1413,1977,Graduation,Single,22099.59,2,1,28-12-2012,59,64,11,1,10,6,3,2,0,0,1,4,0,0,0,0,0,0,0
1414,1988,Graduation,Together,25570.13,1,0,23-04-2014,49,247,9,120,38,1,22,5,4,0,3,7,0,0,1,0,0,0,0
1415,1961,Graduation,Single,80197.29,1,0,22-03-2014,0,466,59,396,114,85,170,4,3,2,9,2,1,0,1,0,1,0,1
1416,1991,Graduation,Married,31521.39,1,1,22-01-2013,51,133,1,80,33,23,4,6,8,0,2,5,0,0,0,0,0,0,0
1417,1969,Master,Together,52589.54,0,1,23-07-2012,38,177,84,110,108,14,31,2,2,1,6,5,0,0,0,0,0,0,0
1418,1941,Basic,Divorced,47881.68,0,2,25-03-2013,39,375,32,177,52,25,42,3,0,2,5,4,0,0,1,1,1,0,1
1419,1975,2n Cycle,Single,104065.93,0,1,12-11-2012,25,854,62,437,69,67,94,1,6,7,8,3,0,0,1,0,0,0,0
1420,1943,Graduation,Divorced,,0,2,17-09-2012,18,458,1,143,35,15,50,2,1,1,9,6,0,0,0,0,0,0,0
1421,1979,2n Cycle,Divorced,5000.0,1,0,13-12-2012,18,32,5,10,5,4,14,0,3,0,4,6,0,0,0,0,0,0,1
1422,1990,Master,Together,36093.23,1,1,09-12-2013,39,55,5,39,2,4,12,1,3,0,1,4,0,0,0,0,0,0,0
1423,1982,Master,Married,11475.1,1,1,16-02-2014,49,31,4,57,20,0,18,2,1,0,5,3,0,0,0,0,0,0,0
1424,1963,Basic,Single,28522.58,1,0,18-11-2014,79,30,0,22,17,21,12,0,2,1,0,6,0,0,0,0,0,0,0
1425,1981,Basic,Single,31017.84,0,0,17-03-2014,61,65,7,0,0,13,17,0,0,0,1,2,0,0,0,0,0,0,0
1426,1954,Graduation,Married,57706.54,0,0,12-07-2014,40,703,71,600,97,78,92,2,8,4,5,2,0,0,0,1,0,0,1
1427,1989,Master,Married,21426.26,2,0,19-05-2014,59,31,4,21,6,6,9,0,0,1,5,4,0,0,0,0,0,0,0
1428,1976,Graduation,Single,35733.54,0,0,23-01-2013,49,87,2,8,7,22,21,3,7,0,2,5,0,0,1,0,0,0,0
1429,1980,2n Cycle,Together,38489.56,1,1,20-09-2013,66,79,1,72,6,35,43,2,8,1,1,8,0,0,1,0,0,0,0
1430,1983,2n Cycle,Single,35367.84,2,0,02-05-2013,46,106,1,41,27,30,45,4,6,0,2,6,0,0,0,0,0,0,0
1431,1989,2n Cycle,Together,,0,0,11-01-2014,92,22,6,15,12,0,3,2,0,0,3,5,0,0,0,0,0,0,0
1432,1962,Master,Together,47313.5,1,1,05-12-2013,29,546,0,58,52,2,11,1,3,3,8,6,0,0,0,0,0,0,0
1433,1984,PhD,Married,40705.96,2,0,08-10-2014,69,68,10,78,10,31,32,8,6,0,7,6,0,1,0,0,0,0,0
1434,1988,2n Cycle,Married,41003.4,0,0,21-10-2013,48,16,37,75,26,21,11,7,7,1,5,5,0,0,0,0,0,0,1
1435,1973,Graduation,Married,19883.75,1,1,15-11-2014,48,50,6,19,7,16,18,3,2,0,2,3,0,0,0,0,0,0,0
1436,1963,Graduation,Together,17261.98,0,0,16-07-2012,72,47,15,26,0,5,11,0,3,0,3,1,0,0,0,0,0,0,0
1437,1971,Master,Married,98460.2,0,0,28-05-2014,27,757,50,246,124,35,116,3,7,4,5,1,1,0,0,0,0,0,0
1438,1993,2n Cycle,Single,51210.0,0,0,14-04-2013,62,153,10,64,34,21,43,6,7,1,0,6,0,0,0,0,0,0,0
1439,1994,Graduation,Together,52594.47,2,0,25-10-2013,46,67,7,132,20,5,52,5,3,0,4,6,0,0,0,0,0,0,0
1440,1965,Graduation,Married,90672.85,1,0,22-03-2013,19,742,83,463,108,79,101,1,5,7,9,2,1,0,0,0,1,0,0
1441,1962,Graduation,Married,80915.58,0,2,01-10-2013,1,345,0,284,76,35,51,1,2,3,4,4,0,0,0,1,0,0,1
1442,1988,Basic,Divorced,40631.11,2,1,12-09-2013,40,65,0,36,16,45,2,8,5,2,7,8,0,0,0,0,0,0,0
1443,1935,Graduation,Married,58061.53,1,1,21-11-2013,42,181,25,156,0,33,47,1,2,2,9,5,1,0,0,0,0,0,0
1444,1961,2n Cycle,Widow,43765.45,2,0,11-09-2012,63,20,0,42,15,18,16,1,0,1,2,2,0,0,1,0,0,0,0
1445,1992,Master,Divorced,34782.88,1,0,06-06-2014,65,3,12,17,13,0,0,1,1,2,3,6,0,0,0,0,0,0,0
1446,1899,PhD,Together,78527.05,1,0,14-06-2012,24,738,44,570,140,27,156,2,3,6,3,4,0,0,0,1,0,0,1
1447,1963,Master,Widow,111070.13,1,0,12-06-2012,30,181,56,448,99,42,162,0,4,9,8,3,1,0,0,1,1,0,0
1448,1984,Master,Single,49338.03,0,1,22-05-2013,16,191,0,28,28,16,48,4,8,4,2,7,0,0,0,1,0,0,0
1449,1962,Graduation,Married,61371.02,0,1,23-06-2014,29,306,31,188,4,45,44,5,1,1,5,1,0,0,0,0,0,0,0
1450,1980,Master,Single,48302.66,1,0,20-10-2013,24,136,24,0,33,13,21,3,2,0,3,8,0,0,0,0,0,0,0
1451,1988,Master,Single,25021.33,2,1,21-10-2012,42,66,18,111,19,23,24,3,8,2,7,10,1,0,0,0,0,0,1
1452,1984,2n Cycle,Married,41220.46,0,0,22-06-2013,58,63,19,87,23,0,20,6,8,1,0,8,0,0,0,0,0,0,1
1453,1968,PhD,Married,60622.34,0,0,10-02-2014,10,434,94,390,46,75,39,1,6,4,5,0,0,1,0,0,0,0,0
1454,1957,2n Cycle,Single,28864.21,0,0,06-12-2013,25,36,7,58,11,2,23,0,2,1,5,6,0,0,0,0,0,0,0
1455,1969,Graduation,Divorced,35110.96,0,1,18-10-2013,39,216,8,135,57,11,63,3,2,2,10,5,0,0,0,1,0,0,0
1456,1978,Graduation,Together,43651.66,0,0,19-09-2014,73,164,11,101,1,6,47,3,6,1,5,8,0,0,0,0,0,0,0
1457,1942,Graduation,Married,42777.98,1,0,29-11-2013,16,288,24,268,30,34,43,4,3,3,6,4,0,0,0,0,0,0,0
1458,1963,PhD,Married,61286.95,1,0,23-08-2014,60,449,4,262,66,70,70,2,4,2,8,1,1,0,0,0,0,0,1
1459,1950,Master,Divorced,42655.11,1,2,27-06-2013,16,333,11,176,56,47,35,0,8,2,8,3,0,0,0,0,0,0,0
1460,1984,Master,Together,40803.3,2,1,20-10-2013,64,133,19,90,24,22,10,6,5,1,4,7,0,0,0,0,0,0,0
1461,1976,Graduation,Divorced,37740.53,0,0,25-04-2013,68,139,18,58,0,19,19,5,10,1,7,6,0,0,0,0,0,0,0
1462,1993,Master,Married,36069.88,1,0,27-11-2014,65,67,8,52,0,15,22,0,1,1,1,7,0,0,0,0,0,0,1
1463,1975,2n Cycle,Together,13964.66,1,0,30-12-2012,25,32,11,25,5,9,25,1,2,1,0,8,0,0,0,0,0,0,0
1464,1970,Basic,Divorced,35797.47,0,0,09-11-2012,89,10,4,56,8,6,30,0,4,1,1,7,0,0,0,0,0,0,0
1465,1962,PhD,Together,85041.55,1,0,30-03-2014,10,632,49,317,91,62,106,1,7,6,9,3,1,0,0,0,0,0,1
1466,1960,Graduation,Married,62922.12,0,1,31-01-2014,41,452,21,253,82,24,59,3,5,3,5,3,0,0,0,0,0,0,0
1467,1986,Master,Single,40758.46,0,0,09-10-2013,93,166,10,82,39,5,29,6,6,1,1,10,0,0,0,0,1,0,0
1468,1960,Master,Married,93246.25,1,0,03-07-2013,11,686,16,457,121,0,148,3,5,6,10,3,1,0,0,0,1,0,1
1469,1984,Master,Married,23593.27,1,1,19-11-2013,37,125,31,22,2,9,27,5,5,2,3,7,0,0,0,0,0,0,0
1470,1973,Master,Married,64080.54,1,1,24-12-2012,49,591,59,416,69,33,68,4,4,8,4,4,0,0,0,0,0,0,0
1471,1977,Graduation,Together,46849.05,0,1,11-08-2014,32,193,39,120,6,4,34,2,3,2,2,7,0,0,0,0,0,0,0
1472,1976,Basic,Single,33422.89,0,0,16-08-2013,88,78,12,32,5,18,5,1,5,0,3,6,0,0,0,0,0,0,0
1473,1976,2n Cycle,Together,65114.16,0,1,01-04-2013,28,147,27,372,49,31,67,1,3,4,7,2,0,0,1,0,0,0,0
1474,1955,2n Cycle,Married,62343.46,0,1,12-10-2012,12,95,33,157,52,31,47,2,4,0,3,5,1,0,0,0,0,0,0
1475,1969,PhD,Together,100330.26,1,1,08-11-2012,7,655,48,620,112,56,120,2,9,4,7,0,0,0,0,0,0,0,0
1476,1958,Master,Together,79777.36,1,0,24-09-2013,10,684,97,490,134,63,107,0,3,7,8,3,0,0,0,0,1,0,0
1477,1965,Graduation,Single,104183.63,1,0,27-03-2014,26,500,83,271,145,53,133,3,4,3,6,3,0,1,0,1,1,0,0
1478,1973,Master,Married,92874.53,0,1,09-09-2014,8,793,40,483,35,38,142,0,2,6,8,1,0,0,0,0,0,0,0
1479,1985,Master,Single,101740.95,0,0,03-09-2013,24,708,87,769,64,52,141,3,4,4,8,5,1,1,1,0,0,0,1
1480,1962,Master,Together,25855.36,2,0,20-06-2012,73,102,1,54,13,6,9,1,2,0,5,2,0,0,0,0,0,0,0
1481,1966,Basic,Married,18235.29,2,0,02-11-2014,44,29,12,70,10,8,19,1,2,1,0,6,0,0,0,0,0,0,0
1482,1974,Graduation,Divorced,99507.81,0,1,07-03-2013,19,567,86,417,155,52,38,3,6,8,10,2,0,0,0,0,0,0,1
1483,1998,PhD,Together,49641.48,2,1,10-10-2012,63,122,27,103,48,8,8,4,11,0,3,5,0,0,0,0,0,0,0
1484,1967,Graduation,Single,20275.03,1,0,03-03-2014,23,2,6,15,8,13,27,0,1,0,0,6,0,0,0,0,0,0,0
1485,1965,Graduation,Married,57724.82,0,0,06-06-2013,9,254,0,156,51,23,19,6,6,1,11,3,0,0,0,0,1,0,0
1486,1978,Graduation,Widow,58007.04,2,0,23-07-2012,64,198,10,21,21,20,27,5,3,0,3,7,0,0,0,0,1,0,0
1487,1985,Graduation,Married,42964.99,2,1,27-08-2013,38,141,6,78,32,26,6,3,4,1,4,4,0,0,0,0,0,0,0
1488,1986,Graduation,Together,60926.15,1,1,23-10-2012,47,72,15,39,4,15,32,6,8,1,5,8,0,0,1,0,0,0,0
1489,1958,Master,Single,48011.95,0,0,09-07-2014,21,312,72,83,50,37,36,1,3,3,7,6,0,0,0,0,0,0,0
1490,1951,Graduation,Married,67344.47,0,0,21-04-2014,54,271,66,201,49,24,18,1,2,2,7,2,0,0,0,0,0,0,0
1491,1977,2n Cycle,Together,54094.97,1,1,13-10-2012,77,312,43,258,27,15,75,3,2,1,4,2,0,0,0,0,0,0,1
1492,1968,Graduation,Single,8025.64,1,0,16-12-2013,25,55,3,26,16,0,15,2,2,0,3,8,0,0,0,0,0,0,0
1493,1962,Master,Together,68816.16,0,0,14-09-2012,26,704,61,470,168,66,169,1,5,1,8,3,0,0,0,0,1,0,0
1494,1961,Master,Single,77416.67,1,2,29-08-2012,54,361,47,78,21,32,58,1,3,1,7,4,0,0,0,0,0,0,0
1495,1953,Graduation,Married,23120.95,1,0,28-11-2013,84,43,1,25,2,18,23,1,1,0,2,1,0,0,0,0,0,0,0
1496,1975,Graduation,Married,99133.35,0,0,09-01-2013,18,478,52,359,100,65,177,0,3,8,6,3,0,0,0,0,0,0,0
1497,1986,PhD,Divorced,44007.1,0,1,07-02-2013,42,66,12,48,0,27,32,6,11,0,4,7,0,1,0,0,0,0,0
1498,1959,Graduation,Together,68189.44,1,1,09-05-2013,33,407,26,76,25,31,50,2,3,0,9,1,0,0,0,0,0,0,0
1499,1992,Master,Together,55911.04,2,0,05-03-2013,20,0,16,113,30,31,46,2,9,2,1,4,0,0,0,0,0,0,0
1500,1967,Graduation,Together,18917.83,1,0,11-12-2012,61,14,3,27,16,12,16,1,2,0,2,5,0,0,0,0,0,0,0
1501,1986,Master,Married,36274.08,0,0,09-06-2012,63,106,3,37,37,8,19,9,5,0,4,6,0,0,0,0,0,0,0
1502,1989,PhD,Single,45982.17,2,1,22-07-2013,69,0,22,51,10,31,18,7,6,0,3,10,0,0,0,0,0,0,0
1503,1988,Basic,Single,36859.11,1,1,19-08-2014,53,41,10,44,10,1,15,2,0,0,3,6,0,0,0,0,0,0,0
1504,1982,Master,Married,83096.06,1,0,11-12-2013,57,338,118,370,71,115,134,0,8,4,7,1,1,0,0,0,0,0,0
1505,1992,Basic,Married,36092.29,0,0,13-09-2014,55,7,5,23,0,17,25,2,3,0,3,4,0,0,0,0,0,0,0
1506,1978,Graduation,Married,78254.79,1,0,01-11-2013,45,837,29,356,100,65,89,0,3,4,4,3,0,0,1,0,0,0,0
1507,1987,Graduation,Widow,51933.28,1,0,22-11-2013,5,168,2,0,0,15,9,5,3,2,6,7,0,0,0,0,0,0,1
1508,2000,Graduation,Single,55916.96,0,1,30-05-2012,34,144,1,67,0,25,17,5,6,0,2,5,0,0,0,0,0,0,0
1509,1981,Master,Divorced,42743.0,1,1,20-10-2014,88,192,0,101,15,8,28,7,6,0,5,5,0,1,0,0,0,0,1
1510,1966,Master,Together,89775.65,1,0,27-06-2012,43,491,86,385,127,13,122,3,3,1,8,3,0,0,1,1,0,0,1
1511,1982,Master,Widow,37031.61,1,1,26-02-2014,34,176,8,114,13,16,10,7,4,0,3,6,0,0,0,0,0,0,0
1512,1986,2n Cycle,Together,52378.4,0,0,02-10-2012,37,151,7,99,20,6,0,4,8,0,4,5,0,0,0,0,0,0,1
1513,1958,2n Cycle,Married,39556.76,1,1,07-06-2012,64,47,2,17,18,2,10,0,2,0,2,4,0,0,0,0,0,0,0
1514,1981,Basic,Married,14836.9,2,1,25-09-2014,29,45,2,36,21,11,13,0,3,0,1,0,1,0,0,0,0,0,0
1515,1979,Graduation,Divorced,65707.26,0,2,30-05-2012,31,143,31,0,22,0,55,3,4,0,9,7,0,0,0,0,0,0,0
1516,1964,2n Cycle,Divorced,18759.73,1,0,23-09-2014,23,16,6,28,21,6,2,0,2,1,0,6,0,0,0,0,0,0,0
1517,1980,Basic,Single,34208.49,1,1,20-06-2012,71,48,0,59,12,2,16,0,2,1,3,4,0,0,0,0,0,0,0
1518,1983,Graduation,Single,39091.76,2,1,13-07-2012,8,88,0,116,25,36,1,2,5,1,0,7,0,0,0,0,0,0,0
1519,1965,Graduation,Together,58466.36,0,0,03-06-2013,20,701,94,489,100,74,97,2,1,6,8,2,1,0,0,0,1,0,0
1520,1961,PhD,Married,66167.37,1,0,06-09-2014,38,256,20,209,18,36,40,0,0,0,8,4,0,1,0,0,0,0,0
1521,1974,PhD,Together,40994.97,2,0,28-07-2013,35,97,10,4,41,26,27,4,7,0,2,6,0,0,0,0,0,0,0
1522,1957,Master,Together,71931.38,0,0,18-08-2012,16,744,94,465,85,64,105,2,0,6,9,3,0,0,0,1,0,0,0
1523,1971,Master,Together,39466.91,1,0,24-08-2014,62,32,4,43,13,7,9,0,2,1,0,6,0,0,0,0,0,0,0
1524,1974,2n Cycle,Single,30433.86,0,0,04-08-2012,69,18,9,12,12,4,8,1,0,1,2,5,0,0,0,0,0,0,0
1525,1955,PhD,Divorced,46580.11,1,1,09-04-2014,37,291,46,226,64,8,35,0,1,2,6,3,0,1,0,0,0,0,0
1526,1965,Master,Divorced,62425.46,0,0,08-11-2014,27,382,57,0,18,21,62,5,2,2,8,3,0,0,1,0,0,0,0
1527,1959,Master,Together,51316.47,0,0,08-10-2013,21,303,37,174,41,15,77,4,1,1,6,6,1,0,0,0,1,0,1
1528,1990,Graduation,Married,30133.03,0,1,10-08-2013,49,0,10,16,22,6,20,2,0,0,3,6,0,1,0,0,0,0,0
1529,1985,2n Cycle,Single,22775.23,0,0,21-06-2014,47,134,16,79,27,19,6,8,4,1,4,5,0,0,0,0,0,0,0
1530,1962,Master,Together,56562.81,0,1,30-08-2012,32,295,27,197,42,15,60,2,2,1,8,6,0,0,0,0,0,0,0
1531,1980,Master,Married,52627.8,0,0,31-03-2013,8,121,17,33,29,23,47,5,7,2,4,4,0,0,0,0,0,0,1
1532,1990,Graduation,Together,40715.79,2,0,16-09-2013,56,13,15,82,38,14,14,6,8,1,2,8,0,0,0,0,0,0,0
1533,1976,Master,Married,58636.9,1,0,24-02-2013,47,354,36,45,41,15,56,0,1,1,3,4,0,0,1,0,0,0,0
1534,1986,Graduation,Married,42184.93,0,0,06-09-2014,22,58,22,62,0,38,26,4,6,2,5,9,0,0,0,0,0,0,0
1535,1969,PhD,Divorced,74200.24,1,0,18-06-2013,5,487,69,496,107,16,108,2,3,6,8,3,1,0,0,0,0,0,0
1536,1982,Basic,Married,36539.19,1,0,12-07-2013,57,151,21,77,39,2,34,5,7,0,2,5,0,0,0,0,0,0,0
1537,1966,2n Cycle,Married,63252.57,0,0,11-08-2012,29,327,55,280,83,0,69,2,4,1,8,3,0,0,1,0,0,0,0
1538,1992,Graduation,Single,38066.06,2,0,11-10-2012,64,67,2,170,23,9,19,7,8,1,1,8,0,0,0,0,0,0,0
1539,1959,Graduation,Single,28606.62,1,0,21-10-2012,47,20,13,21,0,15,25,1,0,0,6,3,0,0,0,0,0,0,0
1540,1975,Graduation,Single,41996.78,0,2,30-08-2012,35,159,61,156,28,40,45,2,2,3,8,2,0,0,0,0,0,0,0
1541,1950,Graduation,Married,54610.62,0,2,19-05-2014,61,285,36,292,36,20,27,1,4,3,7,4,0,0,0,0,0,0,0
1542,1954,2n Cycle,Widow,36080.4,0,0,22-06-2014,99,32,9,17,13,1,38,3,3,1,4,8,0,0,0,0,0,0,1
1543,1973,Master,Single,76528.46,0,1,26-05-2014,12,339,66,468,72,49,131,0,5,4,11,2,1,0,0,0,0,0,1
1544,1962,PhD,Together,80759.13,0,1,02-04-2013,42,640,109,364,121,87,76,0,3,5,8,5,0,1,0,0,1,0,0
1545,1972,Graduation,Married,26209.48,0,0,12-07-2013,67,30,10,0,0,0,11,1,1,0,1,8,0,0,0,0,0,0,0
1546,1984,Graduation,Married,23579.37,0,1,06-01-2014,26,58,4,62,5,1,22,1,1,0,3,2,0,0,0,0,0,0,0
1547,1965,PhD,Married,83644.8,1,0,28-06-2012,50,960,57,333,106,86,97,1,5,7,6,1,0,1,0,1,0,0,0
1548,1976,Graduation,Single,,1,0,05-10-2013,70,60,11,22,20,0,22,0,1,0,2,7,0,0,0,0,0,0,0
1549,1980,Graduation,Together,95982.51,1,0,11-05-2014,20,836,89,275,99,19,129,3,8,0,12,2,0,0,1,0,1,0,0
1550,1963,Graduation,Together,83702.17,1,1,15-01-2013,30,554,34,526,99,37,116,3,4,10,13,3,0,0,0,1,0,0,1
1551,1940,PhD,Together,52848.64,1,0,26-02-2014,5,408,84,407,52,53,107,3,7,5,8,4,1,0,0,1,0,0,0
1552,2000,Master,Married,48964.34,1,0,11-05-2014,61,134,25,42,15,45,27,6,5,0,3,10,0,0,0,1,0,0,0
1553,1974,Graduation,Together,53521.92,2,0,28-10-2013,45,41,0,22,17,19,0,4,4,0,4,7,0,0,0,0,0,0,0
1554,1969,Basic,Married,40408.52,2,1,29-07-2014,30,56,5,21,0,9,16,0,2,0,2,7,0,0,0,0,0,0,0
1555,1977,Master,Together,24605.91,1,1,13-03-2013,49,165,24,26,0,31,30,5,4,3,5,7,0,0,0,0,0,0,0
1556,1977,Graduation,Married,96344.54,0,0,22-10-2014,41,759,63,465,107,75,132,2,4,4,4,3,1,0,1,0,0,0,0
1557,1982,PhD,Single,33882.96,2,1,15-11-2014,28,172,11,82,0,5,18,6,7,1,2,10,0,0,1,0,0,0,0
1558,1962,Graduation,Married,97484.42,0,0,30-03-2013,33,768,114,273,145,89,138,0,7,5,5,2,1,0,0,1,0,0,1
1559,1970,PhD,Together,90046.83,0,0,07-08-2014,26,486,13,221,69,71,107,0,7,4,9,5,0,0,0,1,0,0,0
1560,1991,Master,Married,37359.86,1,1,23-12-2012,66,139,3,77,0,15,29,3,5,1,5,7,0,0,0,0,0,0,0
1561,1947,Master,Married,49112.11,1,1,13-07-2014,26,316,33,55,46,0,34,1,2,3,10,4,0,0,0,0,0,0,1
1562,1991,Master,Married,44000.29,1,0,17-05-2014,65,132,0,88,0,27,58,2,6,0,4,7,0,0,0,1,0,0,0
1563,2000,Master,Married,64759.36,1,0,16-01-2013,52,62,1,166,20,11,31,0,5,0,3,8,0,0,0,0,0,0,0
1564,1965,PhD,Married,82841.35,0,0,18-08-2013,50,720,41,573,90,65,111,2,3,8,9,3,0,1,0,1,0,0,0
1565,1971,Master,Married,50439.28,1,2,06-12-2012,70,169,44,216,56,20,29,2,2,0,8,2,0,0,0,0,0,0,0
1566,1981,Graduation,Single,29546.01,1,0,27-09-2014,80,92,37,49,24,0,29,7,2,1,2,6,0,0,0,0,0,0,0
1567,1961,Master,Together,71412.26,1,1,25-08-2014,9,543,57,510,78,53,67,1,5,8,10,2,0,1,1,0,0,0,1
1568,1974,Graduation,Single,40583.94,1,1,08-02-2014,55,113,23,9,33,0,28,3,8,0,0,7,0,0,0,0,0,0,0
1569,1967,2n Cycle,Married,90979.83,0,1,16-04-2013,37,655,77,232,65,70,92,0,5,4,10,4,0,1,1,1,0,0,1
1570,1984,Graduation,Married,46454.44,0,0,03-12-2013,67,155,16,53,28,2,22,7,3,1,0,7,0,0,0,0,0,0,1
1571,1967,2n Cycle,Single,63834.35,0,1,25-03-2013,45,921,63,394,141,28,89,3,3,9,9,5,1,1,0,0,0,0,1
1572,1959,2n Cycle,Divorced,27570.42,1,0,01-01-2013,78,41,12,10,3,9,0,4,3,0,0,5,0,0,0,0,0,0,0
1573,1989,PhD,Together,47922.38,0,1,01-10-2014,44,150,2,120,22,17,32,1,5,2,2,4,0,0,0,0,0,0,1
1574,1989,Graduation,Divorced,40744.13,0,1,26-02-2014,43,59,6,37,8,19,14,0,3,1,3,6,0,0,0,0,0,0,0
1575,1994,Graduation,Together,44768.9,1,0,02-08-2014,48,145,0,122,5,18,42,4,6,1,4,7,0,0,0,0,0,0,0
1576,1963,Master,Single,96876.84,0,0,20-08-2012,28,603,54,546,133,92,134,2,4,8,8,2,1,0,0,0,0,0,0
1577,1962,2n Cycle,Married,53835.18,0,2,25-02-2014,29,248,46,158,73,27,70,6,4,2,7,6,0,0,0,0,0,0,0
1578,1964,Graduation,Together,48002.7,0,1,06-10-2014,12,292,15,281,12,35,20,1,1,4,9,3,0,0,0,0,0,0,0
1579,1989,Basic,Married,,1,0,18-02-2014,27,49,10,62,23,1,5,1,1,1,4,5,0,0,0,0,0,0,0
1580,1961,Graduation,Widow,83757.41,1,1,30-04-2014,31,612,73,570,57,25,104,1,7,9,11,1,0,0,1,1,0,0,0
1581,1973,2n Cycle,Together,26388.37,1,0,02-07-2014,70,0,8,32,0,8,0,3,1,0,2,4,0,0,0,0,0,0,0
1582,1969,Graduation,Divorced,28499.67,2,1,09-09-2014,96,1,0,64,15,0,6,2,0,0,3,6,0,0,0,1,0,0,1
1583,1977,Graduation,Together,41486.62,0,0,22-10-2014,60,102,8,126,16,11,50,4,9,1,1,6,0,0,0,0,0,0,0
1584,1983,Graduation,Divorced,41667.32,1,1,14-07-2013,61,239,5,0,13,6,10,4,7,2,3,9,0,0,0,0,0,0,0
1585,1965,Graduation,Single,47205.77,0,2,16-07-2013,25,243,23,208,8,5,0,5,4,4,5,6,0,1,0,0,0,0,1
1586,1985,2n Cycle,Together,22664.45,1,1,02-07-2012,50,118,13,72,0,15,35,3,3,0,3,8,0,0,0,0,0,0,0
1587,1985,PhD,Divorced,18783.07,1,1,16-03-2013,47,18,0,23,17,6,26,0,4,0,4,6,0,0,0,0,0,0,0
1588,1973,PhD,Married,59633.72,1,1,02-10-2013,25,286,58,248,81,46,45,3,2,3,10,5,0,0,0,0,0,0,0
1589,1984,2n Cycle,Married,29031.43,1,0,06-10-2014,62,34,10,35,5,10,0,0,3,0,1,4,0,0,0,0,0,0,0
1590,1986,Graduation,Single,55340.52,2,0,08-08-2013,68,46,7,38,26,10,12,6,6,2,2,7,0,0,0,0,0,0,0
1591,1960,Master,Single,60091.79,0,1,27-08-2013,12,295,44,79,62,51,41,4,2,1,3,7,0,0,0,0,0,0,1
1592,1974,2n Cycle,Married,95950.08,1,0,04-04-2013,64,753,81,206,71,20,90,3,9,6,3,5,1,1,0,0,0,0,1
1593,1984,2n Cycle,Together,49418.83,1,1,20-02-2013,77,84,20,74,0,0,0,5,4,1,0,5,0,0,1,0,0,0,0
1594,1970,PhD,Married,,1,0,12-07-2014,62,275,61,51,78,0,52,2,0,4,8,4,0,0,0,0,0,0,0
1595,1968,Graduation,Single,40752.56,2,0,20-09-2013,48,20,0,48,6,12,0,0,1,0,1,6,0,0,0,0,0,0,0
1596,1973,PhD,Single,106205.4,0,1,23-02-2014,35,560,63,440,107,58,173,1,7,7,7,5,1,0,1,1,1,0,0
1597,1974,PhD,Widow,97195.46,0,0,07-06-2012,18,671,50,405,77,9,97,0,5,5,10,4,1,0,0,0,0,0,1
1598,1961,2n Cycle,Single,64894.22,1,0,22-09-2012,42,405,43,288,131,74,103,3,4,7,5,3,1,0,1,1,0,0,0
1599,1982,Graduation,Divorced,42349.83,1,0,26-11-2012,74,91,25,111,0,0,45,4,6,2,4,6,0,0,0,0,0,0,0
